node_id,activation_time_ms
0,168.1537
1,148.9251
2,170.8135
3,171.4597
4,176.4430
5,144.0136
6,153.2379
7,145.3742
8,164.3160
9,147.8264
10,165.6861
11,147.2124
12,140.8321
13,152.1687
14,147.5995
15,175.2231
16,171.6729
17,160.7957
18,172.8963
19,156.5041
20,165.9895
21,168.7074
22,140.1304
23,140.6362
24,155.7891
25,145.1004
26,159.1764
27,170.0434
28,154.2707
29,149.5599
30,160.2449
31,162.1495
32,144.2031
33,161.2975
34,133.2129
35,160.0163
36,159.0906
37,170.1915
38,141.8419
39,171.7555
40,152.1307
41,143.0075
42,148.9010
43,142.3647
44,137.9246
45,159.4557
46,159.5422
47,178.0259
48,171.2941
49,149.1522
50,168.5048
51,164.5436
52,158.6794
53,159.7780
54,175.0476
55,160.4171
56,160.7446
57,149.4140
58,157.8356
59,147.4797
60,167.5173
61,162.7158
62,167.8608
63,150.1959
64,164.5295
65,170.7256
66,171.3130
67,150.4942
68,151.5257
69,143.5675
70,146.3207
71,168.4506
72,177.2432
73,153.4575
74,147.3285
75,168.9324
76,151.2108
77,168.4289
78,170.2868
79,169.6172
80,145.9771
81,150.9442
82,152.1772
83,158.6429
84,162.3599
85,144.6211
86,152.1117
87,134.8918
88,173.4973
89,164.3572
90,145.3632
91,167.3986
92,179.0997
93,162.0454
94,171.3628
95,158.1627
96,172.1031
97,172.3032
98,168.9615
99,147.6722
100,172.1329
101,172.2765
102,172.1513
103,164.9686
104,148.0129
105,162.4881
106,155.7096
107,162.3708
108,147.1366
109,145.8637
110,152.3732
111,154.6063
112,170.7192
113,169.9649
114,163.2074
115,153.7443
116,158.4846
117,166.3624
118,166.6914
119,139.6591
120,164.1882
121,172.4012
122,155.0491
123,158.1844
124,152.5144
125,168.0791
126,148.0291
127,148.2693
128,145.9365
129,158.7850
130,140.4034
131,143.4101
132,145.7046
133,142.5611
134,170.2908
135,146.8710
136,162.6922
137,141.0260
138,157.5572
139,148.1554
140,138.0826
141,153.1743
142,177.7699
143,162.3690
144,171.3590
145,157.0786
146,171.9440
147,169.1576
148,169.3912
149,156.2939
150,137.6942
151,157.9356
152,156.1085
153,153.4561
154,142.4381
155,147.6465
156,150.9302
157,147.7569
158,168.7436
159,163.0172
160,144.4232
161,171.4953
162,160.5775
163,151.5283
164,161.4148
165,154.6145
166,151.9452
167,141.7529
168,165.6683
169,151.3272
170,167.8477
171,147.5360
172,164.0255
173,153.7490
174,163.8344
175,168.1127
176,146.2506
177,164.1133
178,175.1087
179,153.2887
180,163.8818
181,154.9305
182,158.2080
183,147.1219
184,174.5479
185,170.4902
186,147.4595
187,153.1203
188,145.9464
189,136.5264
190,161.4237
191,159.4838
192,140.7379
193,152.3977
194,160.8618
195,157.3292
196,149.6128
197,146.6901
198,144.2638
199,144.1656
200,145.8176
201,153.4444
202,154.7366
203,156.4547
204,157.2158
205,173.3558
206,163.3272
207,175.1448
208,152.1173
209,150.7184
210,152.8499
211,144.6500
212,162.7278
213,163.7775
214,171.9464
215,175.0761
216,152.0280
217,178.8255
218,163.0210
219,139.4461
220,168.1307
221,161.6053
222,162.3290
223,156.6885
224,155.3186
225,154.7775
226,172.6460
227,157.4418
228,158.4951
229,171.6580
230,170.5489
231,177.4022
232,151.0909
233,139.5478
234,153.6121
235,142.3295
236,170.9332
237,167.8104
238,146.2192
239,154.6850
240,158.4173
241,156.6972
242,160.3219
243,163.5733
244,151.4962
245,167.1451
246,160.5724
247,159.7121
248,148.8976
249,158.1072
250,168.0381
251,162.0842
252,148.3714
253,165.9799
254,152.6573
255,150.3154
256,162.2287
257,163.9515
258,161.8629
259,147.8708
260,169.0654
261,159.8564
262,152.7748
263,165.7861
264,150.2638
265,159.6734
266,151.7042
267,168.2592
268,165.2488
269,153.3204
270,174.6660
271,169.6797
272,175.9280
273,169.9475
274,159.4947
275,159.5146
276,156.3022
277,152.0258
278,147.5809
279,163.1387
280,152.4536
281,140.5583
282,170.2118
283,167.1724
284,160.2994
285,167.0732
286,171.5315
287,149.7488
288,162.1461
289,161.1621
290,167.3803
291,144.8651
292,134.6130
293,157.9434
294,153.8120
295,139.5424
296,170.4190
297,148.3073
298,142.8976
299,157.6991
300,157.4940
301,161.8742
302,150.2831
303,147.6818
304,150.6037
305,148.8822
306,169.5258
307,148.4658
308,142.9267
309,156.6829
310,162.6509
311,149.9598
312,156.6896
313,142.4498
314,164.1055
315,154.6736
316,157.8771
317,176.1843
318,163.9108
319,142.6336
320,168.1154
321,168.2450
322,147.6092
323,159.1832
324,169.1911
325,148.6582
326,168.2482
327,172.0789
328,145.4837
329,168.9137
330,156.7842
331,155.4985
332,175.5247
333,173.3032
334,148.1083
335,156.8956
336,166.1481
337,170.3559
338,159.4537
339,161.4190
340,159.7188
341,158.4784
342,166.0191
343,145.1897
344,173.9003
345,144.9641
346,164.2238
347,138.5167
348,176.0288
349,162.7752
350,162.4241
351,143.7582
352,159.8261
353,163.0417
354,168.2751
355,162.7864
356,169.3105
357,141.8274
358,144.7491
359,142.1702
360,159.2178
361,144.3217
362,159.7136
363,163.3261
364,165.5403
365,163.6413
366,155.1419
367,150.0527
368,147.3602
369,154.6617
370,143.5033
371,173.3858
372,162.4248
373,145.9364
374,157.3086
375,143.3784
376,157.6033
377,168.9893
378,163.5742
379,158.0318
380,155.0003
381,167.9010
382,155.0953
383,164.3845
384,150.9143
385,145.4557
386,149.0122
387,144.2608
388,145.9050
389,137.6736
390,167.1787
391,166.3829
392,161.3101
393,161.0746
394,172.5887
395,151.0313
396,155.6098
397,145.9492
398,173.9315
399,146.1407
400,164.5520
401,161.3004
402,147.8685
403,162.6612
404,151.6412
405,139.8601
406,151.0223
407,162.5481
408,174.0735
409,162.9890
410,166.0041
411,162.2688
412,149.9803
413,172.6067
414,169.2770
415,166.3308
416,142.6819
417,163.1618
418,169.4132
419,167.2396
420,167.4376
421,151.7684
422,139.3175
423,148.8192
424,169.0351
425,167.3517
426,166.1570
427,166.8319
428,145.8957
429,161.8217
430,169.9613
431,150.4068
432,155.4289
433,159.9957
434,162.9523
435,163.3801
436,169.4123
437,167.5951
438,163.1899
439,164.3961
440,168.8887
441,155.4857
442,165.7086
443,144.1903
444,168.8872
445,155.7857
446,162.3147
447,167.1329
448,167.2165
449,169.6151
450,148.0411
451,146.8797
452,158.1284
453,168.5441
454,163.0544
455,164.4824
456,168.1825
457,155.8142
458,148.8988
459,156.9676
460,144.7540
461,141.3572
462,157.7054
463,155.8130
464,161.4141
465,165.6136
466,172.3831
467,141.4707
468,151.2800
469,152.8037
470,161.2913
471,154.0328
472,153.8963
473,157.7287
474,150.1957
475,144.1118
476,152.9137
477,160.3392
478,165.0751
479,156.1724
480,153.9140
481,162.2329
482,167.1538
483,167.1480
484,152.0723
485,145.9976
486,171.3012
487,154.0689
488,148.2545
489,160.3631
490,155.6918
491,159.0055
492,136.5600
493,165.1205
494,143.8055
495,171.8265
496,152.0125
497,155.0202
498,146.0493
499,146.2169
500,140.4081
501,157.6385
502,167.8419
503,149.9644
504,148.0597
505,143.1369
506,172.1048
507,160.9877
508,149.3109
509,139.1912
510,166.1280
511,169.1498
512,158.7493
513,153.9093
514,154.8546
515,153.6713
516,160.0413
517,149.1277
518,168.9068
519,167.8811
520,165.0597
521,155.7466
522,172.2446
523,162.6164
524,159.3105
525,147.9557
526,148.3079
527,161.0774
528,147.5191
529,148.0394
530,161.7072
531,159.4647
532,148.5316
533,148.7864
534,148.0995
535,147.8949
536,147.1978
537,144.9722
538,142.6783
539,141.6693
540,162.8263
541,166.8664
542,147.3032
543,139.5957
544,172.9655
545,155.8532
546,149.4346
547,149.9124
548,152.0106
549,149.7721
550,146.3714
551,156.5408
552,154.7805
553,156.0320
554,151.9136
555,156.9144
556,147.2534
557,143.1461
558,172.3722
559,149.3810
560,172.1871
561,165.8783
562,151.4336
563,153.7405
564,142.9430
565,142.6861
566,146.1412
567,142.8367
568,158.1566
569,155.3581
570,161.8830
571,165.3752
572,144.9596
573,149.1239
574,150.9503
575,156.2790
576,160.2956
577,154.7241
578,169.9770
579,142.9728
580,162.6100
581,158.0120
582,168.9910
583,175.6245
584,179.7826
585,153.0447
586,147.6859
587,167.2084
588,169.0956
589,156.8954
590,151.2595
591,142.9376
592,147.9511
593,162.8943
594,137.0824
595,156.8831
596,150.6210
597,148.0499
598,148.3515
599,141.4118
600,176.7125
601,169.4054
602,165.8123
603,161.0919
604,155.5769
605,170.0579
606,165.9853
607,147.5461
608,163.0912
609,160.6000
610,144.9527
611,155.7514
612,173.2861
613,148.1785
614,153.0095
615,159.5432
616,150.1973
617,161.2699
618,142.1943
619,159.6223
620,144.9891
621,177.6904
622,150.8327
623,147.3350
624,177.7632
625,167.0437
626,146.9041
627,160.6829
628,152.1886
629,162.4660
630,172.6966
631,161.9505
632,148.8170
633,151.4599
634,143.2850
635,155.8988
636,161.1647
637,149.0777
638,155.3848
639,172.0936
640,163.3168
641,160.1597
642,154.7429
643,169.0295
644,160.7611
645,162.4729
646,141.2182
647,161.9257
648,161.3573
649,140.0604
650,158.1058
651,158.0835
652,137.7946
653,142.3759
654,160.9244
655,171.8893
656,153.1636
657,142.5064
658,168.5651
659,159.4183
660,146.0762
661,141.0209
662,144.4548
663,132.6073
664,151.4319
665,166.5897
666,164.7832
667,142.0993
668,162.1630
669,161.4966
670,156.5805
671,144.3428
672,147.2669
673,158.1786
674,171.7065
675,163.9949
676,166.7573
677,149.8708
678,159.1057
679,142.9646
680,144.0430
681,143.7581
682,153.1389
683,158.3184
684,155.7842
685,138.3058
686,150.9046
687,145.6182
688,144.6368
689,152.9542
690,146.3053
691,161.8965
692,154.7225
693,150.6818
694,148.0128
695,172.4675
696,160.1432
697,156.0842
698,147.2208
699,156.6091
700,151.2047
701,162.4215
702,166.7454
703,165.4730
704,141.6189
705,157.0966
706,139.9477
707,159.5181
708,144.3413
709,152.2808
710,170.1827
711,167.7191
712,161.4440
713,153.3822
714,162.7086
715,153.8007
716,173.1566
717,156.7266
718,151.9456
719,164.1451
720,152.8281
721,141.6266
722,156.5862
723,167.1923
724,153.0004
725,148.0912
726,149.4005
727,150.7300
728,151.0509
729,153.6534
730,163.3829
731,151.6840
732,174.1143
733,163.7088
734,151.2326
735,147.9149
736,159.7715
737,168.0950
738,154.2576
739,166.3984
740,168.9187
741,169.2645
742,153.9146
743,161.5611
744,177.8112
745,146.8718
746,153.8243
747,157.4108
748,153.6774
749,142.8424
750,165.7616
751,142.6194
752,151.7598
753,153.7329
754,150.1325
755,146.8870
756,150.9914
757,168.7546
758,160.4238
759,143.4998
760,161.3623
761,164.5275
762,174.5166
763,162.5975
764,174.0760
765,160.0045
766,158.2713
767,162.5774
768,167.5258
769,161.8402
770,147.4170
771,177.9386
772,142.9672
773,152.7455
774,141.8416
775,143.5962
776,163.1481
777,152.9291
778,139.2030
779,163.3437
780,170.5069
781,169.9073
782,165.5827
783,156.6153
784,162.8536
785,140.7755
786,168.2311
787,158.8782
788,147.8740
789,140.9202
790,161.0449
791,176.2073
792,158.6617
793,145.6187
794,158.1429
795,138.0454
796,168.5989
797,167.7332
798,154.4181
799,156.3932
800,163.1450
801,163.3645
802,155.1111
803,173.5772
804,151.9815
805,149.4628
806,167.5033
807,149.4467
808,153.4615
809,148.9285
810,138.0390
811,155.2994
812,144.3738
813,169.1047
814,156.6185
815,163.9512
816,147.8241
817,163.4889
818,157.9527
819,145.8373
820,148.7945
821,173.4894
822,169.2282
823,149.8150
824,160.6736
825,162.5222
826,167.1789
827,145.8546
828,170.6893
829,152.3846
830,166.5082
831,156.8119
832,173.0623
833,152.0362
834,152.5855
835,172.9132
836,164.0835
837,164.7990
838,175.6176
839,144.6579
840,158.4889
841,166.5264
842,149.8839
843,139.7317
844,149.1572
845,164.2405
846,178.2263
847,144.9087
848,147.5806
849,157.4229
850,149.0698
851,149.2800
852,143.3866
853,171.5201
854,149.8997
855,153.3357
856,170.1599
857,161.7039
858,148.7250
859,165.2210
860,151.0385
861,151.3601
862,162.7035
863,162.9753
864,148.1107
865,133.3178
866,150.7058
867,162.3819
868,172.7853
869,152.6306
870,152.9524
871,168.3189
872,167.5680
873,142.0345
874,163.9353
875,165.7295
876,157.7131
877,166.4892
878,166.2596
879,151.1163
880,167.5964
881,149.0259
882,165.6160
883,157.2513
884,135.0945
885,145.3928
886,156.9320
887,170.0439
888,162.8696
889,158.2703
890,154.6085
891,153.5334
892,154.6663
893,167.7809
894,166.7119
895,169.4765
896,157.5643
897,161.0625
898,159.2469
899,149.8638
900,170.4243
901,166.0163
902,149.1192
903,172.0714
904,156.7766
905,141.7004
906,153.2880
907,170.6143
908,166.0942
909,141.9709
910,165.3403
911,140.8374
912,156.2575
913,155.3690
914,180.5700
915,168.9959
916,146.1256
917,154.5692
918,165.4355
919,155.8599
920,137.6092
921,147.7897
922,171.3626
923,142.0842
924,155.6529
925,161.4049
926,156.3130
927,150.5690
928,164.3537
929,159.9827
930,160.3507
931,150.1424
932,155.1312
933,151.4165
934,159.3284
935,153.1673
936,161.3348
937,164.8277
938,170.1499
939,162.2844
940,146.8834
941,147.1714
942,156.2963
943,171.9061
944,162.3354
945,156.8082
946,161.5602
947,149.5200
948,148.3335
949,152.9907
950,144.9240
951,155.5944
952,144.5315
953,148.2253
954,153.6288
955,163.8915
956,156.6970
957,164.9990
958,156.3876
959,150.6495
960,155.0473
961,156.7220
962,170.7033
963,165.3630
964,169.8695
965,176.5723
966,163.7502
967,160.6235
968,144.9398
969,168.8231
970,158.4354
971,170.4154
972,167.4428
973,179.5406
974,155.4179
975,155.0409
976,138.7096
977,162.0839
978,133.6006
979,164.8529
980,147.1469
981,175.9577
982,170.8744
983,158.4556
984,151.2381
985,144.3952
986,156.2675
987,150.8572
988,160.8566
989,146.8789
990,151.6503
991,142.3053
992,139.9309
993,151.8407
994,157.6340
995,147.6361
996,174.0982
997,155.4682
998,146.1884
999,163.6114
1000,143.8954
1001,169.4199
1002,152.9265
1003,142.6263
1004,139.4730
1005,142.2759
1006,144.2228
1007,158.0842
1008,154.0037
1009,150.7531
1010,140.4887
1011,163.3946
1012,156.7891
1013,142.4080
1014,159.8497
1015,154.3829
1016,165.2296
1017,170.9937
1018,163.8375
1019,164.1845
1020,161.1235
1021,159.2700
1022,151.1771
1023,164.2304
1024,150.8214
1025,173.4546
1026,162.5772
1027,151.0753
1028,157.6374
1029,152.5221
1030,145.1670
1031,142.4191
1032,150.0392
1033,159.1193
1034,160.4082
1035,147.8793
1036,175.2886
1037,159.0539
1038,152.2089
1039,159.4010
1040,161.5253
1041,140.8529
1042,148.7390
1043,145.9452
1044,163.4305
1045,160.8181
1046,162.2135
1047,154.4663
1048,150.1906
1049,169.3628
1050,172.9405
1051,181.6571
1052,172.7130
1053,142.8047
1054,146.7974
1055,166.1076
1056,166.5693
1057,159.6880
1058,163.3610
1059,138.9288
1060,170.2755
1061,172.2343
1062,168.5897
1063,152.3186
1064,149.2776
1065,172.8315
1066,158.0694
1067,167.9821
1068,158.8755
1069,159.5910
1070,136.4000
1071,163.0647
1072,145.5811
1073,165.4281
1074,139.1673
1075,155.4743
1076,150.7233
1077,154.9668
1078,155.2671
1079,159.2570
1080,151.1249
1081,161.0122
1082,162.2497
1083,136.9231
1084,153.5183
1085,148.9495
1086,173.6469
1087,146.6271
1088,149.1431
1089,149.4598
1090,164.1134
1091,161.8602
1092,144.3174
1093,158.7827
1094,157.1828
1095,147.1558
1096,152.7300
1097,155.0882
1098,156.0677
1099,149.1550
1100,150.0986
1101,156.5705
1102,150.1442
1103,141.6035
1104,157.6524
1105,163.7024
1106,142.7817
1107,165.3341
1108,146.0378
1109,152.7504
1110,142.1474
1111,159.6631
1112,146.0624
1113,150.3476
1114,168.9604
1115,157.8048
1116,157.0714
1117,154.5629
1118,151.2109
1119,145.5281
1120,153.0992
1121,157.0902
1122,149.1996
1123,152.1628
1124,161.2221
1125,161.8488
1126,146.9365
1127,174.0765
1128,167.5401
1129,143.8974
1130,174.9472
1131,153.7446
1132,151.1503
1133,148.9113
1134,159.3798
1135,147.9756
1136,147.8148
1137,161.5094
1138,178.6355
1139,145.7933
1140,152.8713
1141,160.7980
1142,155.7776
1143,160.3240
1144,167.1790
1145,164.7585
1146,151.0112
1147,164.1477
1148,148.3607
1149,168.4440
1150,170.4620
1151,157.0222
1152,160.4704
1153,164.4301
1154,165.5065
1155,161.8719
1156,168.2282
1157,159.3634
1158,177.9958
1159,164.8110
1160,155.4099
1161,146.7328
1162,151.0277
1163,141.7640
1164,140.8715
1165,143.1230
1166,169.5541
1167,156.2176
1168,168.7694
1169,156.8158
1170,169.4224
1171,136.1155
1172,144.5676
1173,136.5290
1174,146.0798
1175,157.2609
1176,154.3218
1177,142.8549
1178,164.8982
1179,142.1581
1180,152.5678
1181,155.3770
1182,156.2979
1183,157.4533
1184,156.6391
1185,163.6300
1186,148.8527
1187,134.0730
1188,158.2893
1189,171.6776
1190,150.4377
1191,161.9291
1192,152.9328
1193,159.5044
1194,163.4879
1195,148.3173
1196,168.2771
1197,158.9570
1198,151.3508
1199,147.9855
1200,160.0240
1201,160.5819
1202,160.2063
1203,134.5064
1204,148.4107
1205,164.0872
1206,159.0903
1207,167.8049
1208,161.2129
1209,167.6135
1210,152.5795
1211,157.5496
1212,150.9277
1213,163.7665
1214,160.9555
1215,145.3717
1216,170.5217
1217,177.6643
1218,158.1565
1219,147.3731
1220,150.9509
1221,145.4331
1222,137.8618
1223,139.2194
1224,138.9995
1225,163.4189
1226,174.3203
1227,170.9865
1228,157.6496
1229,160.5876
1230,155.9110
1231,158.5310
1232,149.1960
1233,162.5263
1234,153.8704
1235,165.2485
1236,164.0977
1237,146.9944
1238,159.0129
1239,151.0640
1240,168.3601
1241,145.3887
1242,150.4041
1243,157.7987
1244,139.1551
1245,152.1584
1246,136.4787
1247,173.7550
1248,163.3258
1249,145.4761
1250,166.6102
1251,162.5951
1252,140.9257
1253,168.2511
1254,155.8422
1255,150.9443
1256,164.6256
1257,163.3302
1258,155.9325
1259,173.0778
1260,169.5529
1261,142.7639
1262,166.0391
1263,148.5074
1264,158.8902
1265,150.8894
1266,141.4410
1267,162.4636
1268,141.8921
1269,163.1174
1270,155.9834
1271,157.4568
1272,159.6152
1273,142.1021
1274,167.4976
1275,144.8921
1276,147.8162
1277,145.4516
1278,149.3672
1279,152.0459
1280,156.7138
1281,141.9058
1282,145.9479
1283,147.6182
1284,146.7667
1285,172.5140
1286,157.3841
1287,140.9385
1288,159.9595
1289,169.6169
1290,160.4785
1291,157.3627
1292,156.7079
1293,140.8894
1294,147.0134
1295,160.6870
1296,158.8488
1297,150.6102
1298,166.0076
1299,143.4256
1300,167.5430
1301,158.3585
1302,164.0169
1303,173.0489
1304,139.2990
1305,156.3741
1306,152.1183
1307,172.4394
1308,163.8084
1309,152.0626
1310,148.5196
1311,161.6184
1312,146.6946
1313,144.7197
1314,143.4405
1315,152.0667
1316,154.6689
1317,137.6267
1318,161.4582
1319,144.0060
1320,139.7582
1321,152.0172
1322,145.0088
1323,145.9281
1324,163.1692
1325,153.5190
1326,158.8199
1327,172.5404
1328,158.2679
1329,162.2693
1330,167.0128
1331,152.1782
1332,171.3761
1333,164.6511
1334,165.5981
1335,162.7439
1336,154.7862
1337,160.4521
1338,155.2892
1339,174.3580
1340,161.9839
1341,149.7787
1342,150.2483
1343,159.6347
1344,146.7800
1345,157.2248
1346,177.3361
1347,171.6753
1348,157.1419
1349,154.5051
1350,155.7159
1351,172.7425
1352,164.8779
1353,176.4893
1354,172.5907
1355,154.5657
1356,167.3160
1357,154.5429
1358,159.4068
1359,141.6624
1360,154.9031
1361,150.4073
1362,152.6500
1363,163.4023
1364,157.9119
1365,150.0974
1366,150.9279
1367,162.0416
1368,158.0680
1369,148.8108
1370,155.0104
1371,171.3546
1372,164.3931
1373,145.9045
1374,161.8199
1375,150.6787
1376,154.2954
1377,152.1155
1378,159.3313
1379,163.2372
1380,173.1554
1381,165.1385
1382,142.4336
1383,159.7296
1384,168.5905
1385,170.4731
1386,145.6813
1387,160.4185
1388,134.8165
1389,163.9878
1390,166.1823
1391,148.2678
1392,153.1969
1393,157.9824
1394,160.2407
1395,141.9321
1396,154.3398
1397,170.5777
1398,165.7312
1399,170.8375
1400,137.0821
1401,146.1382
1402,149.1652
1403,155.3550
1404,159.0428
1405,175.9383
1406,143.5762
1407,164.7499
1408,172.6661
1409,160.9206
1410,143.9712
1411,148.1886
1412,161.9145
1413,168.9752
1414,152.0345
1415,152.5644
1416,149.9209
1417,174.2904
1418,163.0522
1419,139.3305
1420,158.3864
1421,161.9066
1422,149.6658
1423,153.8890
1424,164.4367
1425,148.4128
1426,164.0023
1427,151.0878
1428,168.0767
1429,167.8152
1430,171.4116
1431,163.8967
1432,146.2655
1433,161.9892
1434,149.2581
1435,140.6285
1436,149.9755
1437,146.2384
1438,149.6192
1439,158.0577
1440,154.9894
1441,159.6025
1442,151.4270
1443,168.0321
1444,144.7311
1445,176.1337
1446,153.7594
1447,151.7214
1448,163.3585
1449,168.3744
1450,163.5865
1451,149.3299
1452,164.1872
1453,175.6682
1454,152.7956
1455,177.0883
1456,164.3020
1457,160.4027
1458,147.1535
1459,170.0783
1460,163.8113
1461,156.6217
1462,151.5731
1463,149.2290
1464,143.5274
1465,171.6246
1466,153.7680
1467,146.3894
1468,158.4854
1469,172.7067
1470,146.8940
1471,148.2324
1472,157.9290
1473,166.9544
1474,148.1348
1475,156.2074
1476,151.6794
1477,149.7253
1478,152.9781
1479,166.9902
1480,165.2816
1481,153.0517
1482,143.4297
1483,146.9294
1484,167.1580
1485,158.3088
1486,172.5276
1487,170.4787
1488,152.4703
1489,173.5967
1490,155.5424
1491,161.3339
1492,151.9950
1493,145.2425
1494,157.6941
1495,146.1661
1496,147.3595
1497,172.3541
1498,159.7312
1499,155.9198
1500,144.1708
1501,153.2227
1502,143.9900
1503,146.2949
1504,157.1326
1505,166.5644
1506,153.9661
1507,156.0512
1508,162.0795
1509,151.0921
1510,154.0650
1511,148.4742
1512,146.8778
1513,170.8397
1514,166.7701
1515,164.9511
1516,163.8852
1517,151.4945
1518,170.5925
1519,156.0419
1520,159.2533
1521,156.8507
1522,167.4804
1523,165.9364
1524,178.4707
1525,173.2655
1526,137.6135
1527,164.5009
1528,145.8993
1529,165.6442
1530,172.2314
1531,136.0555
1532,143.3164
1533,160.8122
1534,171.0868
1535,131.1445
1536,148.7460
1537,140.3114
1538,156.5744
1539,159.5707
1540,174.1793
1541,157.0949
1542,169.1234
1543,168.3435
1544,138.6189
1545,166.6000
1546,134.8420
1547,165.6490
1548,161.1687
1549,158.7419
1550,161.3917
1551,168.9789
1552,173.0236
1553,170.5072
1554,156.0367
1555,158.1473
1556,142.6907
1557,157.6383
1558,171.4055
1559,152.3835
1560,169.9903
1561,145.6151
1562,168.9491
1563,175.5522
1564,135.8147
1565,147.9406
1566,157.4174
1567,160.9373
1568,153.9321
1569,141.2462
1570,150.0661
1571,167.5622
1572,154.6649
1573,139.9147
1574,149.4108
1575,155.7051
1576,153.4653
1577,172.0570
1578,147.7169
1579,145.7603
1580,143.5772
1581,151.3358
1582,144.5216
1583,152.2115
1584,160.8136
1585,154.5038
1586,168.6293
1587,173.3815
1588,175.1041
1589,175.5444
1590,153.3132
1591,141.0402
1592,155.7274
1593,166.8124
1594,172.3150
1595,167.0706
1596,147.8455
1597,146.0898
1598,177.9020
1599,159.8051
1600,159.4929
1601,162.6387
1602,167.2773
1603,140.6559
1604,159.5586
1605,146.8448
1606,141.6059
1607,147.5991
1608,161.0975
1609,161.7589
1610,157.2319
1611,165.2136
1612,158.6242
1613,148.5214
1614,161.5108
1615,160.4459
1616,140.9187
1617,162.1499
1618,171.5926
1619,172.6694
1620,174.7927
1621,172.3054
1622,172.3744
1623,171.4358
1624,159.1806
1625,155.0897
1626,152.3519
1627,154.1154
1628,172.8754
1629,150.2835
1630,150.0100
1631,172.1192
1632,177.2051
1633,161.8337
1634,152.2328
1635,132.8085
1636,168.9860
1637,150.3500
1638,137.8126
1639,166.2451
1640,172.1896
1641,163.7365
1642,171.2434
1643,152.9508
1644,154.1542
1645,154.8854
1646,162.4211
1647,162.3772
1648,171.3878
1649,166.8037
1650,144.6318
1651,146.4978
1652,151.3412
1653,152.6445
1654,157.0042
1655,145.8752
1656,173.8136
1657,168.2131
1658,146.6413
1659,159.0431
1660,155.2801
1661,170.1805
1662,138.9121
1663,145.1546
1664,167.6176
1665,142.3374
1666,162.7359
1667,140.6328
1668,154.5535
1669,160.7404
1670,175.2908
1671,141.0941
1672,162.4309
1673,146.4316
1674,142.6127
1675,150.8047
1676,161.9992
1677,166.0630
1678,162.1842
1679,172.4754
1680,141.3877
1681,170.9851
1682,156.7629
1683,163.7485
1684,145.3550
1685,158.0701
1686,156.3166
1687,139.4306
1688,155.9813
1689,142.4909
1690,153.6438
1691,154.3794
1692,141.1120
1693,152.7703
1694,166.7368
1695,166.9852
1696,167.3646
1697,150.3521
1698,154.6621
1699,156.0603
1700,156.4211
1701,150.3965
1702,138.3226
1703,153.5929
1704,168.3791
1705,151.5874
1706,159.2287
1707,135.7341
1708,157.6687
1709,167.2866
1710,153.1409
1711,159.5468
1712,146.6692
1713,169.3226
1714,174.9476
1715,164.9325
1716,148.2668
1717,147.2112
1718,157.5087
1719,170.4054
1720,151.3638
1721,171.1044
1722,146.0190
1723,168.4279
1724,169.4391
1725,172.2608
1726,150.4424
1727,138.4225
1728,159.6751
1729,159.9966
1730,168.3491
1731,148.6913
1732,167.7003
1733,172.4062
1734,167.4046
1735,154.6957
1736,162.3313
1737,168.0084
1738,156.3509
1739,148.0826
1740,159.2754
1741,166.4302
1742,158.0025
1743,156.8145
1744,150.3426
1745,164.9647
1746,143.8623
1747,150.5876
1748,136.0996
1749,166.4321
1750,159.2695
1751,163.8757
1752,158.8675
1753,164.7904
1754,146.3829
1755,143.7527
1756,165.7895
1757,149.3474
1758,158.2413
1759,174.2392
1760,140.5251
1761,163.4165
1762,166.9540
1763,145.7799
1764,151.3490
1765,173.2358
1766,162.8324
1767,165.1281
1768,166.8731
1769,174.3786
1770,150.9479
1771,165.8230
1772,154.9504
1773,171.2637
1774,148.1760
1775,164.4094
1776,153.2539
1777,152.0414
1778,168.2883
1779,140.1702
1780,173.5531
1781,168.8429
1782,166.7807
1783,158.0022
1784,147.8332
1785,154.1742
1786,161.0690
1787,147.5205
1788,168.2882
1789,149.3401
1790,164.1090
1791,145.9805
1792,166.6947
1793,152.1179
1794,156.7671
1795,151.9916
1796,146.4345
1797,179.8243
1798,168.5611
1799,171.0866
1800,170.2336
1801,156.9567
1802,156.3908
1803,165.2065
1804,149.9332
1805,156.2027
1806,164.1977
1807,147.1386
1808,141.7857
1809,149.4473
1810,166.8503
1811,148.5955
1812,162.9146
1813,143.3613
1814,152.4652
1815,160.0212
1816,140.0947
1817,149.7133
1818,144.5335
1819,174.8066
1820,163.2427
1821,162.8015
1822,144.5354
1823,144.7458
1824,155.9692
1825,151.9319
1826,171.9647
1827,140.7692
1828,149.9697
1829,178.3098
1830,153.7568
1831,163.4613
1832,174.6446
1833,163.7037
1834,147.0346
1835,155.0265
1836,147.6568
1837,153.0673
1838,160.6177
1839,168.3433
1840,177.6762
1841,146.3237
1842,169.2736
1843,152.5727
1844,169.4058
1845,163.2321
1846,144.2346
1847,162.3557
1848,163.0050
1849,157.3051
1850,168.8711
1851,156.5873
1852,151.6052
1853,143.4497
1854,147.3840
1855,175.8813
1856,151.0682
1857,168.3468
1858,177.1152
1859,170.8324
1860,159.1656
1861,155.3111
1862,162.9331
1863,173.6047
1864,142.7909
1865,154.5661
1866,148.1563
1867,147.3410
1868,151.9364
1869,162.3102
1870,157.8589
1871,161.4410
1872,165.9026
1873,172.8855
1874,156.7379
1875,140.7014
1876,139.3087
1877,152.4580
1878,147.8829
1879,152.4955
1880,148.7807
1881,164.9602
1882,164.0207
1883,166.3316
1884,168.7378
1885,149.5764
1886,164.3024
1887,145.0737
1888,156.6414
1889,163.6193
1890,162.1354
1891,152.7859
1892,165.8290
1893,152.9782
1894,156.1909
1895,168.8587
1896,167.3293
1897,169.5392
1898,162.0821
1899,164.9562
1900,154.0497
1901,177.6219
1902,153.4823
1903,154.6896
1904,146.6808
1905,146.2185
1906,168.7884
1907,157.2624
1908,157.1110
1909,172.7834
1910,156.6732
1911,149.8891
1912,151.7830
1913,156.5994
1914,148.1197
1915,152.6648
1916,170.0563
1917,146.9343
1918,146.9482
1919,162.0487
1920,147.8143
1921,165.8402
1922,169.4530
1923,155.3933
1924,164.7250
1925,174.6004
1926,161.3962
1927,152.8541
1928,171.6816
1929,160.1466
1930,145.7285
1931,142.5370
1932,153.6648
1933,163.8009
1934,154.1605
1935,171.6529
1936,144.3387
1937,156.4367
1938,137.4385
1939,166.7419
1940,162.4778
1941,158.6426
1942,144.1903
1943,167.6143
1944,172.0623
1945,161.8365
1946,139.2415
1947,149.2394
1948,149.9315
1949,163.9502
1950,173.2058
1951,176.0907
1952,141.6712
1953,167.0967
1954,163.1212
1955,171.4957
1956,167.5316
1957,153.5265
1958,140.9620
1959,157.2822
1960,133.6157
1961,151.5789
1962,156.4012
1963,141.1943
1964,168.2113
1965,160.9900
1966,142.9436
1967,161.8148
1968,154.5648
1969,143.2451
1970,156.0421
1971,166.4311
1972,170.7368
1973,169.8244
1974,153.9097
1975,153.5498
1976,156.3972
1977,159.4304
1978,156.6691
1979,171.7631
1980,162.9845
1981,145.4949
1982,148.9877
1983,145.0185
1984,157.8607
1985,154.2163
1986,162.3468
1987,173.7470
1988,166.6450
1989,170.4344
1990,143.9377
1991,143.2048
1992,159.5693
1993,140.9267
1994,166.5026
1995,163.1538
1996,154.0878
1997,163.5102
1998,150.5884
1999,159.6059
2000,157.5049
2001,157.5761
2002,168.7234
2003,156.8077
2004,165.2477
2005,159.6432
2006,133.3022
2007,170.0018
2008,161.6810
2009,169.4292
2010,164.9327
2011,169.7940
2012,144.3411
2013,158.1873
2014,160.3952
2015,157.8326
2016,144.7116
2017,150.7238
2018,142.1714
2019,167.9497
2020,148.1984
2021,148.7169
2022,162.6534
2023,157.5025
2024,152.7432
2025,151.6019
2026,160.4703
2027,168.1201
2028,162.5994
2029,150.8362
2030,151.2882
2031,170.9333
2032,168.2942
2033,144.7813
2034,166.8969
2035,153.5168
2036,148.4271
2037,153.8367
2038,165.8204
2039,159.9383
2040,157.9810
2041,143.3278
2042,161.4040
2043,157.8145
2044,144.6100
2045,149.8889
2046,155.0092
2047,144.6386
2048,143.3533
2049,142.3154
2050,148.2858
2051,166.2141
2052,148.7545
2053,153.5949
2054,162.0208
2055,164.0557
2056,159.9063
2057,158.7998
2058,148.2684
2059,149.9142
2060,159.5024
2061,138.0789
2062,160.9097
2063,151.2516
2064,156.7592
2065,145.3724
2066,154.0714
2067,166.7414
2068,165.9431
2069,144.8857
2070,168.1207
2071,148.7063
2072,158.2824
2073,150.7824
2074,171.8497
2075,157.4529
2076,168.3512
2077,168.3511
2078,149.6664
2079,142.2405
2080,156.5077
2081,163.9919
2082,160.1898
2083,172.8375
2084,160.8691
2085,153.2062
2086,172.4388
2087,157.7381
2088,153.9225
2089,144.4642
2090,171.9417
2091,162.2235
2092,149.2471
2093,159.0993
2094,172.4044
2095,145.2295
2096,146.3404
2097,161.3199
2098,173.3626
2099,140.0418
2100,153.4719
2101,163.7879
2102,163.9961
2103,143.2880
2104,153.0449
2105,151.8830
2106,140.3545
2107,176.3102
2108,143.5761
2109,150.2209
2110,157.8896
2111,163.7795
2112,158.8053
2113,160.1210
2114,156.8344
2115,171.8822
2116,141.6099
2117,147.0702
2118,158.8016
2119,161.3489
2120,147.6641
2121,172.1483
2122,161.5662
2123,156.2542
2124,150.1522
2125,157.1674
2126,144.1758
2127,157.8815
2128,150.7630
2129,152.1058
2130,154.0712
2131,162.4345
2132,153.3140
2133,137.7555
2134,152.3426
2135,164.2466
2136,157.9770
2137,160.4527
2138,143.4356
2139,174.3930
2140,168.7051
2141,154.7623
2142,170.2052
2143,167.5501
2144,149.2754
2145,155.5503
2146,147.6514
2147,148.6257
2148,169.1460
2149,158.1669
2150,162.9947
2151,149.3085
2152,149.8695
2153,170.4225
2154,139.6909
2155,163.8539
2156,160.1433
2157,167.7050
2158,158.5096
2159,158.6741
2160,159.8029
2161,147.6406
2162,156.6682
2163,154.1557
2164,148.4463
2165,148.3540
2166,154.7544
2167,157.3882
2168,150.4972
2169,150.6711
2170,169.9165
2171,148.6186
2172,159.5925
2173,166.8409
2174,178.1950
2175,157.1481
2176,147.3278
2177,168.4234
2178,161.3489
2179,162.1732
2180,150.9980
2181,159.8799
2182,147.5707
2183,156.8322
2184,159.5948
2185,151.9496
2186,169.1222
2187,161.3318
2188,156.7946
2189,172.2214
2190,152.3092
2191,148.7367
2192,142.8792
2193,140.9114
2194,145.7765
2195,154.0131
2196,151.4608
2197,152.6905
2198,161.4699
2199,169.3813
2200,163.5933
2201,149.2079
2202,170.4176
2203,154.2017
2204,146.4685
2205,168.0524
2206,145.6099
2207,170.6831
2208,147.1777
2209,151.8006
2210,155.2912
2211,149.8636
2212,142.9771
2213,174.3248
2214,166.4973
2215,146.5758
2216,176.1972
2217,158.0203
2218,162.1393
2219,161.8283
2220,149.1021
2221,170.1109
2222,176.0719
2223,149.3809
2224,170.6326
2225,161.5616
2226,157.3661
2227,143.9384
2228,150.4513
2229,158.8858
2230,168.5194
2231,158.0668
2232,132.9942
2233,168.7435
2234,156.2135
2235,165.7266
2236,159.3416
2237,169.9590
2238,149.5976
2239,170.7315
2240,142.3201
2241,157.2828
2242,164.0638
2243,173.3529
2244,142.5822
2245,144.9469
2246,157.5167
2247,150.3935
2248,146.8241
2249,153.7887
2250,171.5938
2251,145.1399
2252,143.0960
2253,151.3907
2254,163.6443
2255,140.9313
2256,160.1745
2257,147.1328
2258,169.9482
2259,160.1047
2260,156.9839
2261,141.8113
2262,169.9389
2263,149.3545
2264,159.6658
2265,173.3020
2266,159.5959
2267,138.6647
2268,158.9312
2269,176.3596
2270,163.0600
2271,163.6939
2272,167.5058
2273,160.2531
2274,147.6048
2275,157.6700
2276,163.7304
2277,168.3197
2278,146.9171
2279,166.1724
2280,162.9340
2281,171.0211
2282,159.4267
2283,170.8225
2284,170.3737
2285,140.1646
2286,165.9018
2287,171.8870
2288,137.8692
2289,159.1174
2290,151.2198
2291,149.9958
2292,152.6032
2293,145.2593
2294,149.6343
2295,161.4997
2296,154.8536
2297,162.3647
2298,153.1785
2299,165.9690
2300,153.7725
2301,169.5448
2302,144.1356
2303,161.7996
2304,160.2565
2305,147.0878
2306,174.5649
2307,173.9763
2308,161.7478
2309,165.1432
2310,171.7393
2311,146.6350
2312,153.0053
2313,162.9637
2314,154.5296
2315,165.8273
2316,165.9391
2317,152.0121
2318,166.9434
2319,152.0991
2320,158.7212
2321,166.3516
2322,164.4313
2323,141.3774
2324,142.0288
2325,173.0992
2326,159.4219
2327,138.7239
2328,147.7935
2329,162.8356
2330,152.7300
2331,149.3790
2332,177.4184
2333,143.1993
2334,170.9482
2335,157.5063
2336,159.5397
2337,147.1862
2338,155.0878
2339,169.6297
2340,152.0655
2341,151.3112
2342,154.0035
2343,170.1148
2344,145.9857
2345,153.8861
2346,154.5066
2347,143.6060
2348,169.8317
2349,170.6881
2350,159.6546
2351,160.7235
2352,160.2304
2353,146.6319
2354,164.0295
2355,149.1176
2356,142.6318
2357,160.1231
2358,138.7930
2359,166.0735
2360,148.6179
2361,157.2120
2362,155.1300
2363,160.6408
2364,155.3869
2365,140.5941
2366,157.9183
2367,171.3940
2368,150.3050
2369,168.7648
2370,159.4796
2371,150.4032
2372,165.0569
2373,142.1354
2374,154.6863
2375,166.5779
2376,153.1122
2377,159.6241
2378,155.4117
2379,157.0219
2380,151.4925
2381,149.4630
2382,162.0802
2383,166.1690
2384,149.4344
2385,139.3271
2386,154.9467
2387,147.1698
2388,160.8363
2389,149.3261
2390,140.1574
2391,142.5623
2392,139.9634
2393,149.9200
2394,158.3901
2395,158.3930
2396,164.8558
2397,132.7399
2398,166.6234
2399,153.3257
2400,142.9435
2401,158.0319
2402,151.6410
2403,160.5243
2404,145.6087
2405,139.6316
2406,147.1658
2407,170.2992
2408,157.8004
2409,142.9302
2410,156.5552
2411,158.1041
2412,147.3484
2413,137.9375
2414,169.0602
2415,163.2579
2416,158.3673
2417,152.6335
2418,148.7057
2419,138.5744
2420,157.8967
2421,164.1949
2422,167.7047
2423,159.1725
2424,153.6329
2425,152.7525
2426,161.6995
2427,154.3835
2428,160.7605
2429,165.3083
2430,140.7605
2431,160.2370
2432,152.8122
2433,150.8917
2434,164.4831
2435,163.6131
2436,150.4273
2437,160.0435
2438,143.7029
2439,161.2999
2440,145.8088
2441,167.3466
2442,156.4972
2443,152.4700
2444,167.4101
2445,159.8129
2446,152.5595
2447,153.2214
2448,150.3372
2449,157.3098
2450,158.9857
2451,163.9848
2452,161.8901
2453,175.0061
2454,169.4796
2455,167.3902
2456,153.7207
2457,175.4734
2458,168.0560
2459,144.8619
2460,155.7136
2461,155.1542
2462,171.2760
2463,173.3074
2464,175.5404
2465,155.7881
2466,166.2505
2467,147.4649
2468,161.1024
2469,156.5794
2470,145.0784
2471,155.5176
2472,169.8600
2473,150.2546
2474,147.8817
2475,162.7163
2476,143.5026
2477,147.4269
2478,171.6894
2479,168.8481
2480,155.9697
2481,149.4170
2482,155.8304
2483,151.8580
2484,155.0271
2485,179.2284
2486,134.0818
2487,157.8102
2488,164.3791
2489,158.5200
2490,160.2908
2491,139.4356
2492,172.5774
2493,170.6400
2494,158.9112
2495,152.0217
2496,159.8565
2497,156.7307
2498,149.3181
2499,166.7822
2500,148.0980
2501,151.3859
2502,164.6530
2503,152.9074
2504,157.0971
2505,153.4990
2506,162.1588
2507,160.6779
2508,150.1646
2509,157.2669
2510,174.4207
2511,170.0843
2512,161.3983
2513,170.9277
2514,143.3541
2515,151.4345
2516,159.5757
2517,162.7037
2518,154.8858
2519,175.2009
2520,151.5055
2521,138.8642
2522,160.6894
2523,144.8706
2524,153.3310
2525,157.8277
2526,151.8269
2527,170.1099
2528,145.7076
2529,160.4597
2530,164.2449
2531,161.6118
2532,168.5339
2533,159.4983
2534,150.4553
2535,145.3521
2536,144.1357
2537,153.5805
2538,168.4061
2539,178.4715
2540,162.6640
2541,152.9652
2542,157.7739
2543,167.9577
2544,172.6478
2545,142.4023
2546,158.2055
2547,172.2220
2548,157.5455
2549,175.6254
2550,150.1278
2551,141.5070
2552,157.3581
2553,152.1224
2554,164.4728
2555,140.9009
2556,144.8640
2557,133.8902
2558,140.9825
2559,160.4656
2560,144.2858
2561,157.1432
2562,163.2565
2563,164.3354
2564,157.7231
2565,148.6640
2566,170.3932
2567,157.1239
2568,173.6804
2569,152.2432
2570,149.3788
2571,139.6112
2572,172.5739
2573,141.1095
2574,161.9693
2575,169.9339
2576,143.7364
2577,155.3355
2578,152.4261
2579,145.0107
2580,169.3499
2581,157.4014
2582,152.1950
2583,166.3672
2584,154.7741
2585,169.6488
2586,146.1547
2587,173.8326
2588,155.8513
2589,168.9653
2590,150.3914
2591,144.6724
2592,145.3644
2593,169.0884
2594,149.9768
2595,141.4482
2596,171.0188
2597,155.5188
2598,174.0124
2599,131.8107
2600,150.2118
2601,145.6848
2602,166.2318
2603,147.0128
2604,147.5229
2605,164.2478
2606,171.1060
2607,147.2625
2608,153.1172
2609,150.4117
2610,136.0938
2611,171.8862
2612,140.9584
2613,153.1297
2614,176.2104
2615,138.6733
2616,157.4334
2617,160.5956
2618,159.2608
2619,154.2984
2620,162.9760
2621,142.7646
2622,150.0834
2623,144.4192
2624,175.5538
2625,146.5426
2626,139.4015
2627,153.5960
2628,149.4695
2629,150.0854
2630,159.8647
2631,162.5796
2632,143.6017
2633,166.6230
2634,151.9259
2635,158.4640
2636,166.3305
2637,178.4833
2638,164.6599
2639,166.7452
2640,146.8973
2641,164.9119
2642,151.4121
2643,156.3516
2644,146.6691
2645,148.4444
2646,154.7301
2647,153.4043
2648,154.7743
2649,147.1445
2650,143.6254
2651,156.8913
2652,149.3586
2653,165.1929
2654,142.4595
2655,155.8323
2656,159.1454
2657,165.0672
2658,159.0961
2659,140.8029
2660,155.4310
2661,146.6089
2662,162.4041
2663,159.5190
2664,154.7081
2665,172.2868
2666,158.8324
2667,153.7528
2668,164.8174
2669,175.5644
2670,173.0188
2671,149.3004
2672,152.8089
2673,136.1918
2674,161.0599
2675,170.7082
2676,165.7371
2677,163.3946
2678,155.3418
2679,157.8080
2680,154.7299
2681,151.1015
2682,160.4729
2683,164.0952
2684,145.9290
2685,164.7482
2686,142.6298
2687,163.4346
2688,156.5848
2689,152.7004
2690,157.3240
2691,149.7236
2692,153.0965
2693,141.0192
2694,172.5620
2695,155.6199
2696,170.5679
2697,156.0085
2698,150.6211
2699,153.0992
2700,173.1644
2701,159.7132
2702,146.0422
2703,155.6041
2704,162.6793
2705,167.4135
2706,168.9272
2707,164.8476
2708,162.2851
2709,139.2239
2710,154.5673
2711,150.2690
2712,170.5265
2713,150.0096
2714,165.0102
2715,165.5934
2716,168.6614
2717,165.6536
2718,160.5145
2719,176.9489
2720,167.1566
2721,176.0340
2722,146.3821
2723,164.6133
2724,160.4088
2725,168.8147
2726,163.2274
2727,162.1151
2728,164.7891
2729,149.6615
2730,169.3327
2731,153.0350
2732,141.9834
2733,155.3717
2734,167.4894
2735,178.1464
2736,175.6785
2737,166.7121
2738,155.9914
2739,172.9866
2740,158.9635
2741,150.2105
2742,156.7933
2743,170.4751
2744,160.0224
2745,159.2761
2746,156.2336
2747,165.2238
2748,149.9398
2749,154.8179
2750,150.1159
2751,148.5786
2752,168.0760
2753,168.4158
2754,151.9611
2755,145.7885
2756,155.3657
2757,166.6071
2758,159.0712
2759,165.2339
2760,171.4459
2761,137.2674
2762,157.9111
2763,144.3162
2764,167.1726
2765,151.6376
2766,153.8768
2767,172.8467
2768,142.4892
2769,164.5757
2770,148.4650
2771,154.6937
2772,149.8431
2773,158.8645
2774,153.6844
2775,164.7798
2776,168.1054
2777,161.7182
2778,158.0442
2779,165.4120
2780,165.8106
2781,161.2423
2782,163.6739
2783,162.9411
2784,163.4098
2785,167.0512
2786,166.3908
2787,163.8974
2788,148.0740
2789,151.0680
2790,160.5101
2791,166.6485
2792,165.6158
2793,170.5537
2794,148.7854
2795,164.0852
2796,158.7628
2797,168.0313
2798,162.6521
2799,139.8336
2800,148.5079
2801,164.1733
2802,143.8211
2803,144.1276
2804,148.0293
2805,150.4271
2806,158.6764
2807,146.5937
2808,165.3887
2809,169.4902
2810,148.6054
2811,166.7420
2812,167.4280
2813,143.3930
2814,173.4644
2815,169.5042
2816,152.2523
2817,161.2816
2818,160.5916
2819,162.0588
2820,152.6450
2821,160.6722
2822,150.4764
2823,151.5581
2824,158.7651
2825,156.4036
2826,169.5267
2827,152.3986
2828,142.9234
2829,156.0798
2830,145.7009
2831,161.6086
2832,145.8358
2833,155.0961
2834,153.1146
2835,151.4871
2836,145.3123
2837,151.6320
2838,163.8139
2839,148.5901
2840,175.1112
2841,163.8981
2842,148.4403
2843,152.2658
2844,159.1842
2845,141.9675
2846,142.2706
2847,158.3757
2848,141.8060
2849,165.8026
2850,158.7707
2851,155.9285
2852,161.7533
2853,147.0475
2854,145.0713
2855,168.6692
2856,143.8335
2857,168.0661
2858,169.3339
2859,162.0992
2860,150.0742
2861,160.0729
2862,162.8241
2863,151.0679
2864,162.6029
2865,156.5812
2866,172.9396
2867,154.9232
2868,146.9293
2869,143.7312
2870,161.5109
2871,148.8571
2872,175.3674
2873,154.0668
2874,149.7857
2875,154.5680
2876,151.0166
2877,170.8266
2878,174.8445
2879,151.4141
2880,164.6991
2881,153.4735
2882,135.7202
2883,161.7496
2884,160.0535
2885,168.6909
2886,152.1010
2887,159.9941
2888,170.0382
2889,147.2296
2890,150.4627
2891,138.8074
2892,156.6270
2893,159.0347
2894,171.2928
2895,152.9118
2896,147.4794
2897,159.9817
2898,148.7093
2899,170.6006
2900,159.8848
2901,145.5854
2902,163.4761
2903,145.4388
2904,161.4479
2905,152.2230
2906,160.1247
2907,150.6961
2908,162.5440
2909,139.2093
2910,148.4270
2911,165.2283
2912,156.4171
2913,152.3985
2914,164.9496
2915,156.2004
2916,146.9938
2917,139.8207
2918,155.3498
2919,143.0240
2920,165.2250
2921,149.6129
2922,147.3596
2923,170.1558
2924,131.8898
2925,146.3296
2926,163.9021
2927,162.1679
2928,139.7460
2929,163.9393
2930,167.1761
2931,146.1591
2932,166.7474
2933,140.9115
2934,163.1983
2935,146.0544
2936,164.8765
2937,157.2124
2938,156.7494
2939,141.1705
2940,160.3582
2941,160.1970
2942,146.5138
2943,146.4656
2944,148.6994
2945,166.9336
2946,142.3731
2947,155.8625
2948,151.8544
2949,152.6798
2950,151.0738
2951,158.4379
2952,153.5038
2953,156.2293
2954,156.9366
2955,170.0723
2956,154.5486
2957,157.8800
2958,153.7433
2959,167.8687
2960,143.7138
2961,152.7196
2962,166.1711
2963,149.2132
2964,145.6118
2965,146.3527
2966,167.5888
2967,156.1288
2968,159.3474
2969,169.4359
2970,156.2179
2971,167.8915
2972,164.9228
2973,143.5840
2974,169.9800
2975,149.8085
2976,170.1295
2977,156.5029
2978,139.8703
2979,148.2074
2980,167.2314
2981,169.7872
2982,148.0373
2983,151.6763
2984,155.9294
2985,160.5249
2986,164.3751
2987,157.3529
2988,155.5473
2989,136.0034
2990,166.6572
2991,159.6614
2992,164.9321
2993,153.8650
2994,163.6797
2995,140.9735
2996,140.7536
2997,162.0458
2998,150.2638
2999,154.5082
3000,153.8750
3001,149.7419
3002,147.7158
3003,157.0994
3004,157.2030
3005,168.7391
3006,152.9602
3007,164.7538
3008,148.2898
3009,174.6175
3010,149.1767
3011,149.7880
3012,155.0801
3013,174.9531
3014,159.6634
3015,147.0009
3016,137.7954
3017,154.5768
3018,164.8301
3019,164.0994
3020,164.0767
3021,164.7258
3022,154.4109
3023,166.6494
3024,177.5715
3025,153.9411
3026,165.9474
3027,148.2737
3028,158.5637
3029,172.2985
3030,159.7457
3031,149.2837
3032,163.8120
3033,164.8974
3034,167.7457
3035,165.0466
3036,163.4183
3037,157.8574
3038,158.8021
3039,167.9857
3040,165.3925
3041,152.4775
3042,169.5186
3043,154.3501
3044,150.0646
3045,155.9125
3046,162.9633
3047,171.7752
3048,161.5081
3049,169.5588
3050,164.5090
3051,147.8164
3052,159.1760
3053,163.3617
3054,171.5420
3055,141.7171
3056,164.1539
3057,162.8176
3058,152.3232
3059,151.6123
3060,161.0645
3061,162.0099
3062,144.7657
3063,173.3717
3064,170.0848
3065,159.8205
3066,139.3673
3067,162.2975
3068,163.3190
3069,161.5764
3070,160.6233
3071,157.3278
3072,158.5307
3073,159.8365
3074,152.2231
3075,163.1604
3076,161.1731
3077,157.2116
3078,160.6313
3079,160.1032
3080,158.2642
3081,146.5509
3082,171.2200
3083,149.7928
3084,157.7086
3085,167.3413
3086,149.5530
3087,163.1402
3088,160.2567
3089,152.8474
3090,146.7594
3091,160.1725
3092,157.7498
3093,157.0875
3094,163.7333
3095,168.8320
3096,141.7753
3097,156.1456
3098,173.7605
3099,153.9071
3100,153.4606
3101,143.1027
3102,159.5405
3103,161.2410
3104,140.7123
3105,150.1234
3106,154.2933
3107,160.0321
3108,167.1656
3109,176.7136
3110,149.8590
3111,156.7887
3112,151.7271
3113,143.7346
3114,172.4654
3115,153.3472
3116,156.1549
3117,146.8863
3118,159.3303
3119,160.0693
3120,147.8800
3121,145.2354
3122,158.2443
3123,152.5730
3124,164.4732
3125,149.8092
3126,154.3449
3127,165.3082
3128,155.8480
3129,155.9084
3130,153.9430
3131,141.1913
3132,152.7654
3133,171.5864
3134,159.4481
3135,171.3196
3136,156.3775
3137,160.4080
3138,152.7708
3139,152.6759
3140,152.4574
3141,166.4046
3142,138.7505
3143,163.9480
3144,155.8756
3145,156.3404
3146,176.7904
3147,162.6055
3148,158.5406
3149,141.1085
3150,163.0208
3151,162.6743
3152,165.5778
3153,149.0448
3154,161.9875
3155,162.5933
3156,151.1431
3157,145.9045
3158,149.1230
3159,165.9599
3160,154.2794
3161,152.1455
3162,154.6053
3163,148.8859
3164,152.1754
3165,163.8485
3166,148.3635
3167,151.9551
3168,136.2786
3169,137.6722
3170,159.9205
3171,156.9366
3172,149.9598
3173,160.1348
3174,167.5461
3175,159.9152
3176,147.4500
3177,174.6402
3178,145.5144
3179,153.7420
3180,165.1068
3181,149.3041
3182,152.8516
3183,164.3272
3184,156.2220
3185,164.1469
3186,165.3785
3187,151.7545
3188,170.2495
3189,160.0858
3190,153.9071
3191,142.8683
3192,162.1155
3193,156.6293
3194,168.8061
3195,159.2653
3196,152.6059
3197,133.6758
3198,135.8192
3199,150.3259
3200,146.0754
3201,154.4341
3202,152.6505
3203,171.2678
3204,137.3301
3205,163.8793
3206,161.7192
3207,150.6103
3208,144.1623
3209,158.6462
3210,152.1971
3211,169.2107
3212,163.5273
3213,143.8420
3214,162.7427
3215,149.7154
3216,161.1696
3217,162.2168
3218,164.6837
3219,145.8487
3220,154.2547
3221,148.8927
3222,135.6530
3223,163.5225
3224,150.3699
3225,144.7837
3226,170.2400
3227,162.4127
3228,149.5418
3229,139.8055
3230,157.5944
3231,172.7836
3232,154.8866
3233,161.3160
3234,152.3636
3235,165.2022
3236,149.7499
3237,150.2874
3238,156.5907
3239,165.2082
3240,160.8718
3241,147.1833
3242,146.7775
3243,170.9331
3244,144.5080
3245,139.2640
3246,161.7429
3247,153.6729
3248,154.5747
3249,157.5575
3250,160.3358
3251,175.8887
3252,164.8452
3253,169.0622
3254,154.6067
3255,160.2497
3256,160.2330
3257,150.8185
3258,152.9290
3259,155.1022
3260,171.2123
3261,134.2537
3262,176.4325
3263,169.1489
3264,158.4228
3265,155.3235
3266,154.0617
3267,152.3658
3268,168.0376
3269,154.5798
3270,154.3415
3271,155.6649
3272,156.8005
3273,160.6970
3274,149.7873
3275,165.6901
3276,162.8349
3277,158.2704
3278,165.3316
3279,164.3478
3280,156.0962
3281,167.2405
3282,158.2443
3283,153.2930
3284,154.4939
3285,159.7648
3286,148.0468
3287,136.5424
3288,149.1562
3289,146.7997
3290,147.5683
3291,160.5695
3292,149.2493
3293,151.3391
3294,153.6015
3295,149.4040
3296,151.8396
3297,169.9935
3298,154.1981
3299,152.0803
3300,161.0035
3301,159.6631
3302,143.7405
3303,154.4393
3304,166.9130
3305,150.0331
3306,142.1201
3307,159.2095
3308,168.9749
3309,157.0803
3310,155.5870
3311,155.3233
3312,151.7719
3313,162.4789
3314,157.0235
3315,160.9483
3316,160.9995
3317,157.4394
3318,162.9310
3319,150.3747
3320,164.7372
3321,162.2008
3322,174.1060
3323,153.3680
3324,170.5474
3325,134.2827
3326,162.5670
3327,171.7004
3328,149.6319
3329,161.1190
3330,152.4071
3331,154.6348
3332,143.4681
3333,142.0424
3334,157.0608
3335,157.3684
3336,157.0946
3337,156.8287
3338,156.0617
3339,153.2405
3340,147.7245
3341,148.6360
3342,153.7111
3343,154.2826
3344,136.2764
3345,155.2344
3346,154.0203
3347,156.2292
3348,145.9076
3349,155.5172
3350,175.9499
3351,144.2612
3352,162.4415
3353,143.9982
3354,153.1817
3355,167.6992
3356,154.3615
3357,163.9955
3358,148.0725
3359,172.3028
3360,164.1085
3361,157.1575
3362,158.1370
3363,174.9113
3364,154.6951
3365,152.6345
3366,147.0739
3367,151.9835
3368,162.2935
3369,156.6330
3370,162.5582
3371,154.3504
3372,171.5949
3373,167.2133
3374,141.0849
3375,154.4440
3376,150.0303
3377,173.6162
3378,168.6064
3379,161.2924
3380,163.4834
3381,152.4268
3382,174.8318
3383,163.2909
3384,144.0300
3385,155.5500
3386,162.3753
3387,155.8781
3388,154.7357
3389,152.4911
3390,155.3528
3391,160.4379
3392,154.6949
3393,158.1682
3394,173.9746
3395,154.5288
3396,148.8788
3397,159.7557
3398,159.9903
3399,171.7931
3400,153.4460
3401,148.5384
3402,160.5007
3403,178.1847
3404,142.2084
3405,149.9669
3406,160.7499
3407,151.6963
3408,176.8978
3409,155.2363
3410,163.6274
3411,149.2334
3412,161.9847
3413,157.0414
3414,154.3445
3415,161.5222
3416,159.5293
3417,140.2082
3418,152.5615
3419,158.7836
3420,159.9690
3421,152.2102
3422,159.1102
3423,162.1862
3424,168.2387
3425,162.5891
3426,155.7940
3427,161.7063
3428,144.0443
3429,157.0004
3430,157.1854
3431,153.6468
3432,149.5298
3433,164.5940
3434,143.4202
3435,169.1030
3436,153.5072
3437,154.4092
3438,162.7292
3439,161.6796
3440,171.6611
3441,144.9273
3442,168.3293
3443,162.6260
3444,153.3663
3445,161.1725
3446,170.7835
3447,158.2074
3448,153.8004
3449,155.3879
3450,163.6998
3451,156.3891
3452,174.7016
3453,158.5685
3454,142.6631
3455,161.4645
3456,158.9286
3457,158.0743
3458,148.2983
3459,141.2989
3460,162.0397
3461,152.2282
3462,151.4091
3463,161.6912
3464,156.7983
3465,153.9729
3466,147.6447
3467,166.6664
3468,158.4439
3469,148.0899
3470,151.9358
3471,154.6282
3472,168.1051
3473,163.0051
3474,149.1735
3475,153.1985
3476,151.0962
3477,169.6813
3478,163.4879
3479,150.1587
3480,132.9526
3481,160.7321
3482,171.5295
3483,172.6604
3484,137.7728
3485,148.3063
3486,158.6461
3487,149.8009
3488,162.1811
3489,151.3318
3490,149.0721
3491,163.5283
3492,167.3265
3493,170.3674
3494,159.6308
3495,152.6080
3496,142.4856
3497,169.7417
3498,148.6247
3499,140.1255
3500,166.4394
3501,140.1110
3502,158.6881
3503,162.6125
3504,136.4759
3505,160.7394
3506,167.2611
3507,169.0855
3508,149.7169
3509,150.1765
3510,148.2475
3511,164.1999
3512,157.6461
3513,157.9057
3514,164.5547
3515,156.4632
3516,166.9576
3517,173.0674
3518,173.2757
3519,146.8371
3520,153.4362
3521,154.0150
3522,152.3378
3523,140.9603
3524,138.1045
3525,149.7133
3526,160.2412
3527,155.1077
3528,164.7104
3529,146.1984
3530,156.2969
3531,157.1949
3532,156.4027
3533,166.8794
3534,154.0939
3535,148.2286
3536,147.7468
3537,154.2714
3538,162.5755
3539,156.6070
3540,156.2621
3541,159.8280
3542,166.3509
3543,177.5257
3544,166.1806
3545,157.9158
3546,134.6322
3547,151.6434
3548,140.8818
3549,165.3979
3550,156.6113
3551,174.3942
3552,166.1585
3553,136.1308
3554,169.5530
3555,170.4384
3556,157.6423
3557,167.1651
3558,156.4347
3559,143.9823
3560,159.5097
3561,155.5836
3562,159.0952
3563,173.8077
3564,156.0263
3565,144.6175
3566,166.5390
3567,165.8545
3568,170.3776
3569,150.2798
3570,150.5968
3571,171.5389
3572,155.5159
3573,170.4750
3574,168.0683
3575,159.7365
3576,159.8558
3577,162.5902
3578,162.3643
3579,168.5276
3580,153.3232
3581,144.8893
3582,154.4637
3583,139.8805
3584,155.0957
3585,166.2612
3586,161.8857
3587,153.3098
3588,151.2454
3589,162.0589
3590,157.9892
3591,149.9702
3592,173.0440
3593,157.2573
3594,147.3238
3595,153.8481
3596,156.5879
3597,168.3123
3598,161.5252
3599,172.3520
3600,164.9782
3601,164.1678
3602,149.5783
3603,172.3204
3604,141.1936
3605,156.8096
3606,157.6730
3607,156.5852
3608,140.2729
3609,164.6104
3610,139.4079
3611,153.2702
3612,159.8766
3613,139.2101
3614,162.2063
3615,160.7551
3616,162.6006
3617,153.5508
3618,143.6418
3619,150.3786
3620,152.2540
3621,158.2605
3622,157.8406
3623,153.7341
3624,149.0864
3625,145.1098
3626,159.1188
3627,151.8979
3628,135.8386
3629,143.3138
3630,164.1130
3631,142.0099
3632,151.6222
3633,165.4847
3634,152.3132
3635,161.9800
3636,152.2782
3637,156.3761
3638,150.8395
3639,158.9305
3640,155.8651
3641,159.3650
3642,139.6651
3643,159.4046
3644,154.2490
3645,155.6704
3646,146.4383
3647,152.1227
3648,160.4588
3649,152.5611
3650,167.0800
3651,169.1894
3652,148.1212
3653,155.7718
3654,152.2458
3655,162.1063
3656,144.1309
3657,149.3750
3658,157.9568
3659,175.3683
3660,168.5638
3661,156.4425
3662,149.8838
3663,162.4517
3664,158.9506
3665,164.6736
3666,169.8979
3667,159.4606
3668,135.9812
3669,167.6680
3670,153.4376
3671,154.9280
3672,148.7525
3673,164.6624
3674,146.9153
3675,152.3426
3676,158.9573
3677,168.7148
3678,167.6926
3679,166.9289
3680,156.6122
3681,153.2305
3682,161.4681
3683,169.3012
3684,149.9630
3685,168.1627
3686,166.7906
3687,151.9290
3688,136.7290
3689,163.3601
3690,164.8423
3691,164.7174
3692,155.5926
3693,142.2955
3694,147.6093
3695,167.0733
3696,143.4924
3697,161.2196
3698,148.1107
3699,136.9412
3700,152.3650
3701,169.1819
3702,139.1360
3703,161.7347
3704,158.5317
3705,145.6569
3706,160.0830
3707,161.9212
3708,154.9791
3709,161.7446
3710,140.9528
3711,153.2311
3712,165.4638
3713,154.8805
3714,164.8704
3715,149.6735
3716,164.3221
3717,158.1020
3718,164.8720
3719,137.4774
3720,165.7027
3721,156.6620
3722,149.2710
3723,157.6717
3724,161.7519
3725,172.6325
3726,157.6638
3727,138.6199
3728,163.8173
3729,150.0718
3730,163.4429
3731,164.6703
3732,162.5492
3733,131.7122
3734,167.9753
3735,162.4893
3736,154.4705
3737,146.2487
3738,164.2644
3739,150.0772
3740,145.0353
3741,154.0758
3742,141.1759
3743,154.6067
3744,178.9379
3745,147.1907
3746,153.4697
3747,154.2190
3748,146.2984
3749,154.8094
3750,163.8822
3751,159.9535
3752,151.6293
3753,164.0934
3754,149.5174
3755,159.2624
3756,152.7534
3757,152.3623
3758,149.8494
3759,146.1516
3760,153.1795
3761,164.0166
3762,155.5605
3763,162.4948
3764,154.3583
3765,152.4980
3766,168.5552
3767,155.1551
3768,160.1262
3769,153.6581
3770,169.5376
3771,138.4956
3772,153.4297
3773,160.9517
3774,146.2949
3775,143.7321
3776,163.6052
3777,155.3813
3778,164.7598
3779,155.6744
3780,168.0346
3781,162.2635
3782,163.6963
3783,137.8254
3784,156.0254
3785,147.8752
3786,149.9071
3787,139.6793
3788,154.7313
3789,161.5043
3790,145.5543
3791,134.5567
3792,158.3355
3793,158.9218
3794,152.0338
3795,158.9314
3796,164.1444
3797,155.1465
3798,153.8453
3799,167.2082
3800,154.0541
3801,154.9084
3802,156.8541
3803,160.1106
3804,157.7271
3805,152.8725
3806,151.6795
3807,154.4614
3808,148.2117
3809,160.7004
3810,163.8676
3811,145.9679
3812,145.0742
3813,146.5618
3814,162.9279
3815,153.7925
3816,151.9510
3817,152.8428
3818,159.7609
3819,168.2130
3820,168.0555
3821,138.8530
3822,174.2138
3823,171.1612
3824,162.9619
3825,162.7078
3826,161.7696
3827,141.7630
3828,158.5585
3829,160.8754
3830,165.9562
3831,156.0080
3832,145.6657
3833,153.2203
3834,144.8202
3835,154.2036
3836,156.1471
3837,163.4902
3838,152.6275
3839,154.6243
3840,174.9158
3841,151.3139
3842,156.8290
3843,151.5461
3844,139.1424
3845,161.5950
3846,159.1386
3847,152.2765
3848,153.8209
3849,162.7660
3850,161.9910
3851,164.3666
3852,156.0968
3853,154.8734
3854,146.1596
3855,156.1933
3856,146.3810
3857,158.3110
3858,159.0522
3859,144.3046
3860,164.4354
3861,164.6419
3862,177.1536
3863,171.9994
3864,157.7406
3865,156.5605
3866,144.9533
3867,150.5038
3868,150.1122
3869,148.8354
3870,146.9697
3871,159.3035
3872,167.0377
3873,150.3733
3874,160.5516
3875,161.3411
3876,143.6835
3877,169.2326
3878,163.4892
3879,153.9765
3880,175.0797
3881,144.4162
3882,167.9472
3883,166.1554
3884,169.5483
3885,153.6280
3886,150.7253
3887,151.8187
3888,157.7468
3889,152.6854
3890,157.9365
3891,151.6557
3892,170.2559
3893,145.7724
3894,146.9099
3895,163.3654
3896,149.0214
3897,155.1779
3898,161.4015
3899,170.6751
3900,144.8939
3901,154.4418
3902,149.1589
3903,143.8360
3904,157.3413
3905,155.0715
3906,153.6621
3907,162.2370
3908,160.7357
3909,153.5141
3910,158.9430
3911,159.9885
3912,145.3967
3913,170.1508
3914,162.0219
3915,149.1269
3916,150.8368
3917,171.0557
3918,168.0389
3919,155.6321
3920,155.6042
3921,170.9610
3922,141.7166
3923,152.1220
3924,139.1432
3925,151.9270
3926,151.0561
3927,150.8715
3928,175.8920
3929,168.4818
3930,163.0175
3931,156.9509
3932,158.1251
3933,174.6486
3934,141.5084
3935,159.4594
3936,150.2736
3937,146.6381
3938,155.1476
3939,166.3969
3940,167.7291
3941,154.8485
3942,142.3735
3943,155.7286
3944,175.4435
3945,153.2931
3946,151.7634
3947,153.0627
3948,169.6782
3949,163.9745
3950,166.0733
3951,169.2783
3952,168.2838
3953,175.4125
3954,151.1850
3955,151.6974
3956,142.1599
3957,155.6271
3958,165.5675
3959,158.6371
3960,158.2545
3961,150.1482
3962,170.3347
3963,146.8809
3964,152.9952
3965,151.9365
3966,163.4048
3967,163.7304
3968,165.9361
3969,151.4889
3970,155.7426
3971,152.0407
3972,168.5310
3973,160.0062
3974,151.9203
3975,149.4700
3976,163.2167
3977,163.8850
3978,153.3696
3979,156.9387
3980,142.3400
3981,160.6757
3982,150.9381
3983,153.1574
3984,148.1123
3985,157.1754
3986,161.6852
3987,156.6740
3988,161.3009
3989,146.5513
3990,164.2424
3991,176.1632
3992,160.6374
3993,153.1461
3994,164.1652
3995,167.6841
3996,147.8666
3997,174.9452
3998,151.6551
3999,171.9248
4000,151.4331
4001,151.6382
4002,156.4258
4003,152.0668
4004,157.0735
4005,168.9469
4006,174.4865
4007,155.2800
4008,147.7637
4009,146.5436
4010,162.3604
4011,167.8993
4012,158.9974
4013,146.5723
4014,157.1248
4015,159.7043
4016,154.5574
4017,146.3336
4018,153.1357
4019,160.3777
4020,154.4489
4021,169.6190
4022,154.9024
4023,155.2777
4024,161.6977
4025,176.3552
4026,155.5560
4027,160.3283
4028,167.4208
4029,163.5009
4030,158.1620
4031,152.3008
4032,145.6142
4033,146.5038
4034,153.8147
4035,139.3168
4036,134.9509
4037,171.7938
4038,154.1448
4039,163.6686
4040,154.1363
4041,166.6708
4042,166.5214
4043,169.5912
4044,153.6645
4045,137.2000
4046,158.6186
4047,157.7346
4048,157.2212
4049,147.5150
4050,144.7062
4051,141.6857
4052,153.9308
4053,143.6545
4054,142.7320
4055,153.4357
4056,144.7420
4057,149.8580
4058,149.8916
4059,165.0718
4060,152.6999
4061,165.3982
4062,169.7275
4063,152.5835
4064,140.5699
4065,150.4609
4066,164.0948
4067,159.4355
4068,177.2029
4069,145.0543
4070,152.9009
4071,151.0540
4072,161.8595
4073,149.1844
4074,148.7325
4075,147.1461
4076,149.9152
4077,174.8860
4078,144.9327
4079,167.6595
4080,169.4278
4081,149.6793
4082,165.5975
4083,165.3113
4084,172.5557
4085,157.9596
4086,144.2802
4087,148.9053
4088,163.9306
4089,151.7036
4090,145.6438
4091,153.9849
4092,148.7315
4093,154.6953
4094,143.0149
4095,160.9777
4096,152.3849
4097,159.6589
4098,161.4845
4099,165.6801
4100,155.9904
4101,161.9080
4102,146.0600
4103,153.1606
4104,143.0762
4105,167.6624
4106,143.1780
4107,159.2730
4108,142.1490
4109,158.6565
4110,161.7131
4111,153.8049
4112,172.2287
4113,146.8710
4114,155.8388
4115,164.3988
4116,137.7564
4117,148.5998
4118,142.5537
4119,159.3050
4120,150.0983
4121,162.8502
4122,148.0179
4123,165.2079
4124,145.8330
4125,162.4158
4126,163.6925
4127,151.6880
4128,153.6592
4129,161.8074
4130,164.2112
4131,173.6873
4132,161.1833
4133,153.1269
4134,171.6466
4135,148.8552
4136,151.0197
4137,155.5567
4138,158.9483
4139,154.8729
4140,160.1615
4141,141.0973
4142,149.4734
4143,154.8739
4144,157.1226
4145,154.6785
4146,165.4280
4147,158.1660
4148,153.6536
4149,152.8031
4150,152.4200
4151,144.8311
4152,169.5801
4153,143.0752
4154,145.8814
4155,156.3372
4156,160.1614
4157,131.3982
4158,149.7410
4159,160.4364
4160,157.5683
4161,146.2660
4162,152.0257
4163,145.7491
4164,135.2414
4165,147.3857
4166,155.9697
4167,151.5832
4168,162.0679
4169,158.4045
4170,153.2644
4171,143.5880
4172,172.6611
4173,151.7371
4174,156.0015
4175,150.8462
4176,152.3296
4177,155.4274
4178,153.6322
4179,166.7833
4180,170.2968
4181,150.9796
4182,143.9060
4183,161.2450
4184,164.4142
4185,169.5562
4186,158.1691
4187,166.6139
4188,153.7588
4189,163.7647
4190,159.8145
4191,150.1471
4192,147.6115
4193,162.8477
4194,159.5439
4195,164.6660
4196,163.7597
4197,163.6643
4198,161.4508
4199,155.8465
4200,151.6205
4201,150.2486
4202,170.3485
4203,161.9115
4204,168.2357
4205,160.4560
4206,155.8912
4207,149.4581
4208,147.6692
4209,145.3945
4210,154.5686
4211,146.9495
4212,165.9345
4213,163.2267
4214,167.8503
4215,165.4397
4216,149.8940
4217,153.3783
4218,156.7554
4219,156.4085
4220,157.9446
4221,162.2949
4222,156.5105
4223,145.2966
4224,170.9604
4225,155.9250
4226,137.9528
4227,156.9206
4228,158.3123
4229,152.2898
4230,155.9822
4231,154.2651
4232,171.5023
4233,152.3595
4234,140.6538
4235,147.5766
4236,156.4209
4237,152.7042
4238,137.3891
4239,153.6280
4240,166.3643
4241,151.7382
4242,164.5686
4243,162.8302
4244,152.1837
4245,156.9771
4246,155.0589
4247,145.2493
4248,172.6973
4249,153.3398
4250,168.4712
4251,147.7631
4252,147.0994
4253,161.3540
4254,171.8267
4255,151.9672
4256,167.6029
4257,170.9087
4258,148.0166
4259,155.7879
4260,163.5420
4261,135.0524
4262,150.2200
4263,168.8934
4264,162.1644
4265,153.4546
4266,158.1319
4267,167.7578
4268,169.5926
4269,138.8581
4270,161.1896
4271,163.4368
4272,148.7460
4273,160.4018
4274,152.7678
4275,156.9845
4276,145.3042
4277,165.6292
4278,155.4851
4279,151.1896
4280,155.3925
4281,166.0230
4282,147.2535
4283,167.1555
4284,158.6444
4285,169.8299
4286,151.7395
4287,168.7209
4288,135.9658
4289,152.7373
4290,146.0695
4291,158.3415
4292,157.6246
4293,146.7851
4294,166.4311
4295,151.1717
4296,155.4500
4297,166.8315
4298,166.8599
4299,146.8966
4300,161.2028
4301,160.7289
4302,155.6802
4303,170.2874
4304,159.7850
4305,149.1411
4306,141.1839
4307,169.9060
4308,155.8101
4309,162.7254
4310,164.9108
4311,158.1520
4312,160.5085
4313,169.7357
4314,159.0635
4315,157.3059
4316,168.3471
4317,163.6577
4318,158.0640
4319,161.3556
4320,155.1692
4321,158.0787
4322,148.4237
4323,162.9168
4324,172.1064
4325,164.2908
4326,160.3892
4327,154.7352
4328,170.9845
4329,152.2487
4330,158.5040
4331,175.0916
4332,160.5226
4333,156.2487
4334,159.6242
4335,150.0712
4336,145.9702
4337,165.0300
4338,152.2619
4339,164.4011
4340,150.5146
4341,147.9755
4342,159.6660
4343,143.8133
4344,153.8380
4345,149.9248
4346,158.3709
4347,139.0264
4348,153.7736
4349,150.8701
4350,157.5676
4351,152.5811
4352,158.2798
4353,144.8252
4354,160.0608
4355,155.4685
4356,157.6706
4357,157.1922
4358,164.3424
4359,153.9298
4360,158.8180
4361,161.7514
4362,152.2334
4363,168.2927
4364,168.0020
4365,156.8557
4366,149.7883
4367,161.6960
4368,149.0353
4369,169.9526
4370,167.0228
4371,149.7998
4372,137.7256
4373,144.2232
4374,157.6048
4375,161.8547
4376,148.5957
4377,174.8999
4378,153.6538
4379,165.6468
4380,167.7793
4381,168.0658
4382,160.6396
4383,178.2110
4384,144.8335
4385,171.6581
4386,158.5125
4387,158.5976
4388,171.9814
4389,163.6709
4390,159.0375
4391,159.9425
4392,171.3631
4393,163.3365
4394,136.3554
4395,164.4076
4396,154.6116
4397,168.5482
4398,153.4421
4399,158.4927
4400,152.1437
4401,148.7808
4402,153.6936
4403,162.1407
4404,147.2538
4405,139.3835
4406,168.3885
4407,143.8969
4408,156.9074
4409,166.6981
4410,154.7690
4411,146.9631
4412,151.6661
4413,158.8116
4414,158.3611
4415,154.8705
4416,166.2086
4417,156.1978
4418,159.3668
4419,145.0567
4420,160.8231
4421,174.8837
4422,160.3686
4423,163.6562
4424,150.0986
4425,148.2996
4426,149.7756
4427,166.3994
4428,158.8416
4429,158.2466
4430,168.3844
4431,142.7200
4432,163.6660
4433,153.5631
4434,134.5263
4435,149.5550
4436,172.1583
4437,159.0231
4438,156.4803
4439,162.3449
4440,162.0846
4441,155.2941
4442,156.5266
4443,156.1126
4444,171.3436
4445,156.6460
4446,166.3575
4447,166.5130
4448,162.4984
4449,168.4820
4450,153.1660
4451,168.0163
4452,151.5642
4453,157.4181
4454,153.1028
4455,155.4277
4456,150.1583
4457,160.1573
4458,149.8791
4459,171.2536
4460,149.6501
4461,175.4505
4462,155.1105
4463,159.4858
4464,155.2097
4465,164.9559
4466,170.8956
4467,169.4941
4468,153.8962
4469,152.6275
4470,159.0434
4471,152.4374
4472,153.4563
4473,156.7477
4474,163.3040
4475,133.4604
4476,157.9796
4477,152.0728
4478,162.6312
4479,144.5669
4480,159.2761
4481,153.9792
4482,157.9695
4483,149.4271
4484,151.6406
4485,159.8405
4486,167.6791
4487,176.0948
4488,160.8125
4489,167.4147
4490,134.4242
4491,148.2408
4492,149.6522
4493,152.5171
4494,176.0904
4495,165.2312
4496,174.6307
4497,155.1693
4498,170.4392
4499,160.9671
4500,148.2912
4501,167.1002
4502,155.1022
4503,173.0536
4504,174.7946
4505,149.9779
4506,150.9212
4507,143.8919
4508,160.9121
4509,143.4582
4510,151.8389
4511,139.7045
4512,159.3821
4513,164.5537
4514,154.2488
4515,149.8449
4516,160.5664
4517,149.9401
4518,159.1808
4519,152.6593
4520,163.5092
4521,143.2836
4522,160.9954
4523,146.9931
4524,165.2175
4525,154.2350
4526,171.0460
4527,148.7379
4528,162.3703
4529,160.0401
4530,162.0116
4531,180.2133
4532,148.6738
4533,156.9118
4534,161.9671
4535,132.7090
4536,168.2056
4537,163.4513
4538,146.2281
4539,169.1817
4540,159.9104
4541,159.3605
4542,159.7977
4543,164.5205
4544,150.0044
4545,172.5609
4546,147.9336
4547,144.1914
4548,151.8555
4549,154.8139
4550,153.2970
4551,172.3556
4552,156.2944
4553,142.1941
4554,149.9503
4555,160.3637
4556,153.1234
4557,150.2707
4558,144.8968
4559,159.5194
4560,156.3570
4561,137.3366
4562,153.8669
4563,172.4481
4564,148.7093
4565,152.9859
4566,149.7564
4567,169.4067
4568,157.2404
4569,162.3464
4570,160.1630
4571,170.9897
4572,141.1877
4573,154.8934
4574,153.3935
4575,169.6227
4576,172.0923
4577,164.6265
4578,151.3038
4579,149.4270
4580,157.7688
4581,161.4853
4582,157.8849
4583,161.0153
4584,153.6670
4585,149.2039
4586,159.4015
4587,158.6214
4588,158.5337
4589,144.5152
4590,143.8767
4591,153.1256
4592,138.7776
4593,153.1801
4594,157.4714
4595,141.9793
4596,170.3340
4597,164.1714
4598,151.2578
4599,152.8031
4600,160.9832
4601,148.1582
4602,158.1836
4603,170.6303
4604,147.2230
4605,163.1687
4606,161.5216
4607,152.3727
4608,147.1954
4609,156.7658
4610,160.9400
4611,174.1426
4612,170.9601
4613,149.9808
4614,166.5227
4615,152.7390
4616,162.2259
4617,157.7485
4618,153.7245
4619,153.2196
4620,138.0188
4621,160.8265
4622,163.6160
4623,145.1797
4624,155.3825
4625,144.4551
4626,173.0876
4627,158.1999
4628,156.2594
4629,152.4113
4630,172.0393
4631,146.5391
4632,156.5209
4633,151.3409
4634,175.4435
4635,172.8597
4636,167.5700
4637,155.5415
4638,168.5704
4639,148.1414
4640,148.2925
4641,170.0860
4642,143.9431
4643,164.5425
4644,152.4557
4645,164.5540
4646,159.4170
4647,154.0718
4648,153.6659
4649,156.1583
4650,159.8454
4651,148.2174
4652,154.9476
4653,138.5420
4654,158.3247
4655,153.2964
4656,159.9152
4657,167.9716
4658,164.2053
4659,145.2282
4660,163.7448
4661,153.6435
4662,173.7981
4663,137.6995
4664,154.0735
4665,162.9219
4666,157.2404
4667,153.3371
4668,148.8827
4669,152.2550
4670,148.3135
4671,157.5303
4672,150.3044
4673,163.9101
4674,154.7099
4675,150.3440
4676,144.3320
4677,164.6429
4678,144.1629
4679,148.4123
4680,168.7259
4681,146.9686
4682,149.3228
4683,170.3527
4684,158.9848
4685,143.0748
4686,165.3084
4687,159.1490
4688,149.8925
4689,160.9900
4690,154.4120
4691,161.8616
4692,151.1691
4693,142.5140
4694,162.1039
4695,167.0419
4696,156.3231
4697,151.8565
4698,162.1764
4699,158.6323
4700,165.0248
4701,138.1668
4702,163.5349
4703,146.9781
4704,147.5429
4705,165.3144
4706,151.8732
4707,146.6045
4708,143.9350
4709,154.9102
4710,165.8201
4711,166.7228
4712,143.8606
4713,146.5248
4714,140.4463
4715,154.4172
4716,179.0242
4717,150.1715
4718,159.7452
4719,153.6764
4720,161.0471
4721,159.0345
4722,144.0692
4723,157.4236
4724,148.9304
4725,141.5586
4726,156.2828
4727,155.5819
4728,148.0062
4729,159.5890
4730,153.7300
4731,163.7742
4732,151.3938
4733,150.3947
4734,152.1630
4735,166.8512
4736,154.7336
4737,153.8820
4738,142.4563
4739,155.6709
4740,160.4608
4741,157.9026
4742,171.9913
4743,166.2071
4744,163.9821
4745,169.5824
4746,154.6282
4747,145.9908
4748,160.0463
4749,150.2976
4750,158.5007
4751,161.4892
4752,151.5266
4753,159.7730
4754,159.8412
4755,163.5132
4756,169.3764
4757,158.3713
4758,151.7717
4759,144.3032
4760,165.0291
4761,153.4327
4762,144.9077
4763,161.2497
4764,156.5166
4765,154.6881
4766,169.6572
4767,156.2236
4768,175.0716
4769,160.7102
4770,153.3122
4771,147.3895
4772,161.9174
4773,149.4184
4774,152.8357
4775,159.0154
4776,169.8599
4777,164.3478
4778,136.9537
4779,144.7442
4780,147.5702
4781,147.7313
4782,153.8062
4783,159.6030
4784,153.7586
4785,154.1221
4786,170.1768
4787,157.8558
4788,169.7088
4789,158.7067
4790,160.7451
4791,148.6891
4792,140.4723
4793,178.1102
4794,157.0464
4795,161.9138
4796,151.7234
4797,158.5710
4798,151.7922
4799,155.6772
4800,158.8704
4801,159.5285
4802,141.2739
4803,162.5441
4804,157.1882
4805,160.7129
4806,160.8665
4807,160.1330
4808,149.9699
4809,164.9050
4810,172.7258
4811,160.7308
4812,155.1775
4813,158.5279
4814,143.3052
4815,171.9609
4816,148.5316
4817,147.8253
4818,137.7755
4819,139.0017
4820,151.3461
4821,145.6238
4822,166.2076
4823,157.5636
4824,143.1490
4825,139.3704
4826,151.0002
4827,168.8286
4828,154.9250
4829,152.7826
4830,164.4632
4831,152.6371
4832,148.3567
4833,155.2113
4834,162.8655
4835,155.3177
4836,154.3642
4837,150.8510
4838,164.4285
4839,161.1004
4840,164.0708
4841,150.2978
4842,161.7808
4843,146.7134
4844,147.4116
4845,158.7517
4846,138.5865
4847,153.7618
4848,151.0309
4849,146.6540
4850,150.8131
4851,151.7389
4852,147.8794
4853,158.3125
4854,164.5950
4855,140.8184
4856,165.4431
4857,159.8493
4858,162.1684
4859,141.9800
4860,165.0023
4861,155.7133
4862,170.5947
4863,162.7003
4864,159.3280
4865,149.0968
4866,165.1428
4867,151.3584
4868,145.8871
4869,158.3507
4870,177.3942
4871,156.3307
4872,156.3451
4873,164.2608
4874,158.8226
4875,154.9329
4876,170.9988
4877,162.4270
4878,175.8504
4879,152.6333
4880,143.2364
4881,162.3538
4882,146.6103
4883,156.5242
4884,149.9737
4885,147.2610
4886,154.3715
4887,154.6503
4888,149.8204
4889,154.2686
4890,155.9658
4891,162.3805
4892,170.7283
4893,146.7692
4894,152.5932
4895,150.4946
4896,152.7049
4897,167.3556
4898,142.0915
4899,157.6281
4900,171.0532
4901,156.4798
4902,139.9824
4903,156.0687
4904,154.2504
4905,158.3527
4906,170.1609
4907,168.1829
4908,156.2341
4909,165.2248
4910,148.5091
4911,152.3452
4912,141.4510
4913,149.0295
4914,158.0030
4915,144.2749
4916,161.3470
4917,155.0597
4918,139.9692
4919,146.0266
4920,168.2979
4921,157.1326
4922,159.4228
4923,154.7907
4924,144.5159
4925,157.3658
4926,155.7811
4927,153.1144
4928,163.3918
4929,139.1083
4930,156.0655
4931,165.6925
4932,164.4244
4933,172.8966
4934,159.5646
4935,149.4846
4936,158.5710
4937,167.1099
4938,146.3893
4939,159.3794
4940,157.4709
4941,158.8511
4942,164.3225
4943,167.2938
4944,149.6121
4945,163.2287
4946,163.5161
4947,153.8595
4948,151.1871
4949,168.5444
4950,158.2343
4951,159.7730
4952,144.6880
4953,165.8943
4954,155.3696
4955,161.7991
4956,152.8159
4957,153.1884
4958,150.0606
4959,161.6429
4960,157.6768
4961,153.4291
4962,156.2470
4963,157.3155
4964,153.3022
4965,164.1860
4966,159.0151
4967,158.6124
4968,153.7396
4969,163.0417
4970,154.3875
4971,143.7233
4972,168.4867
4973,149.2207
4974,159.7287
4975,175.4338
4976,162.1757
4977,171.0473
4978,164.6790
4979,155.8313
4980,167.7191
4981,160.0434
4982,170.4771
4983,152.5410
4984,148.4163
4985,160.6371
4986,161.5498
4987,150.6782
4988,150.3651
4989,162.5561
4990,148.1169
4991,155.3188
4992,163.6905
4993,168.4397
4994,170.3814
4995,169.7860
4996,164.7770
4997,158.0109
4998,159.8234
4999,152.0219
5000,173.2123
5001,151.0237
5002,149.1382
5003,167.6406
5004,153.1053
5005,157.3639
5006,170.4948
5007,161.2715
5008,143.7657
5009,162.3613
5010,164.9109
5011,158.1184
5012,159.5703
5013,158.3912
5014,170.5530
5015,166.7259
5016,155.8341
5017,150.1494
5018,155.2623
5019,151.2515
5020,131.2415
5021,152.0086
5022,160.5694
5023,149.8360
5024,151.6299
5025,158.5621
5026,163.4362
5027,146.1239
5028,164.8599
5029,144.2960
5030,169.7717
5031,149.8286
5032,157.7222
5033,166.5015
5034,151.6725
5035,144.5189
5036,159.4553
5037,161.9235
5038,148.4130
5039,159.1535
5040,164.6628
5041,161.6138
5042,164.6858
5043,165.1557
5044,170.8576
5045,139.4405
5046,153.0319
5047,154.5483
5048,151.7475
5049,146.2785
5050,167.9352
5051,145.4709
5052,159.9363
5053,151.9474
5054,170.4283
5055,155.2540
5056,153.7348
5057,158.9019
5058,155.1510
5059,147.3727
5060,137.7309
5061,154.2304
5062,141.4816
5063,157.1879
5064,145.6564
5065,148.9993
5066,149.6092
5067,166.4383
5068,155.8940
5069,175.1513
5070,159.6103
5071,162.1344
5072,148.9768
5073,154.6369
5074,162.0948
5075,155.6355
5076,168.4921
5077,157.7217
5078,149.0422
5079,159.0253
5080,167.5868
5081,173.7684
5082,156.5308
5083,154.8288
5084,156.1907
5085,160.7630
5086,145.9964
5087,148.4105
5088,155.4311
5089,155.7514
5090,159.4892
5091,153.7659
5092,166.9936
5093,154.9815
5094,168.1240
5095,154.9712
5096,170.6774
5097,144.1542
5098,166.4481
5099,145.6259
5100,164.1116
5101,138.2869
5102,148.6076
5103,157.1948
5104,155.4956
5105,154.8055
5106,165.2959
5107,167.3954
5108,162.0848
5109,166.2630
5110,161.5684
5111,155.7295
5112,149.8913
5113,158.6570
5114,166.2606
5115,152.5559
5116,156.7602
5117,154.9859
5118,161.9158
5119,146.4667
5120,155.4605
5121,156.0286
5122,140.7621
5123,168.1746
5124,158.7582
5125,156.4821
5126,157.7594
5127,148.1888
5128,178.5425
5129,148.6604
5130,152.0639
5131,155.0107
5132,165.4591
5133,160.8809
5134,136.3915
5135,131.6620
5136,158.5764
5137,152.3150
5138,161.7317
5139,162.6628
5140,167.5998
5141,155.7585
5142,159.1451
5143,157.0091
5144,156.7275
5145,157.4293
5146,153.0423
5147,142.3967
5148,163.8300
5149,168.5895
5150,155.9870
5151,153.4053
5152,149.6362
5153,155.4852
5154,146.1856
5155,160.9214
5156,159.1284
5157,139.0699
5158,167.1449
5159,152.6559
5160,153.3704
5161,146.7979
5162,144.8875
5163,151.6344
5164,157.1513
5165,163.4257
5166,155.5342
5167,160.1042
5168,149.8280
5169,152.8110
5170,155.5992
5171,139.1512
5172,161.4191
5173,152.6910
5174,148.0594
5175,147.8543
5176,171.6008
5177,150.2153
5178,167.9882
5179,146.2814
5180,164.0338
5181,159.5899
5182,161.1538
5183,141.4115
5184,163.7530
5185,146.3990
5186,162.4348
5187,153.2275
5188,152.5349
5189,148.5749
5190,147.7564
5191,165.2921
5192,172.7999
5193,140.2189
5194,160.8863
5195,169.6106
5196,159.2579
5197,154.6620
5198,171.7480
5199,142.5872
5200,161.0541
5201,172.6063
5202,154.2576
5203,147.6017
5204,152.4581
5205,156.9336
5206,150.9362
5207,156.1163
5208,174.6959
5209,152.7027
5210,149.2898
5211,157.9770
5212,146.0190
5213,164.2919
5214,151.2017
5215,159.1877
5216,165.4624
5217,166.6749
5218,162.6945
5219,152.4558
5220,154.9813
5221,136.3641
5222,160.3091
5223,170.3071
5224,143.7231
5225,154.1022
5226,163.9035
5227,176.4710
5228,165.1285
5229,168.3582
5230,156.6423
5231,156.2243
5232,154.6648
5233,158.0812
5234,172.3689
5235,166.4966
5236,172.7798
5237,158.6828
5238,160.1822
5239,176.9731
5240,161.5126
5241,161.7185
5242,150.8521
5243,168.9389
5244,157.0104
5245,168.3727
5246,142.2486
5247,154.3741
5248,162.7945
5249,172.5371
5250,153.3358
5251,153.6152
5252,155.7506
5253,156.6125
5254,155.0095
5255,153.3968
5256,165.9584
5257,147.8311
5258,164.7736
5259,162.9094
5260,167.1081
5261,154.9974
5262,147.7251
5263,149.4644
5264,161.1581
5265,162.5628
5266,162.4442
5267,149.8322
5268,163.8266
5269,167.0935
5270,158.5282
5271,155.3210
5272,171.4205
5273,150.9757
5274,163.4554
5275,155.0241
5276,147.6452
5277,157.9073
5278,161.0027
5279,165.7971
5280,159.7459
5281,163.2416
5282,160.8357
5283,171.1038
5284,158.5518
5285,140.4918
5286,159.7219
5287,159.0463
5288,153.5900
5289,153.9141
5290,168.3100
5291,137.9653
5292,168.5103
5293,150.7647
5294,152.0208
5295,155.7010
5296,149.8200
5297,162.4752
5298,159.9726
5299,137.3635
5300,138.6699
5301,161.4354
5302,162.1388
5303,146.6715
5304,154.5337
5305,156.7745
5306,159.5980
5307,167.8865
5308,155.5816
5309,156.3293
5310,157.0100
5311,163.4047
5312,152.7243
5313,164.5201
5314,158.6563
5315,156.1877
5316,156.1775
5317,171.8051
5318,156.4035
5319,151.5356
5320,171.8949
5321,163.0625
5322,156.1194
5323,153.7637
5324,160.2241
5325,162.0659
5326,155.4008
5327,153.5042
5328,164.6429
5329,163.8970
5330,163.8785
5331,155.7995
5332,161.2957
5333,148.8522
5334,169.0825
5335,156.4475
5336,141.5085
5337,156.7917
5338,154.8809
5339,156.0871
5340,158.8194
5341,156.8735
5342,157.7604
5343,154.9515
5344,171.4329
5345,173.2058
5346,161.6669
5347,152.8479
5348,159.0662
5349,162.6679
5350,155.9860
5351,155.6324
5352,149.9315
5353,146.8688
5354,137.2859
5355,150.6441
5356,168.8181
5357,146.2021
5358,168.2791
5359,155.1296
5360,155.5235
5361,154.7000
5362,164.0271
5363,153.2449
5364,162.2367
5365,156.5480
5366,154.0317
5367,167.7830
5368,155.2498
5369,160.6457
5370,167.1491
5371,154.9556
5372,156.6757
5373,148.8819
5374,156.3464
5375,157.9092
5376,130.0000
5377,161.0224
5378,167.8619
5379,142.3807
5380,162.8979
5381,152.9738
5382,163.5549
5383,156.9219
5384,150.4701
5385,160.0691
5386,140.0147
5387,156.9576
5388,155.7396
5389,157.7974
5390,158.8803
5391,166.8107
5392,153.4869
5393,154.4500
5394,163.7316
5395,149.0891
5396,168.0883
5397,156.8882
5398,132.9410
5399,135.6397
5400,171.3545
5401,139.2836
5402,159.7356
5403,154.0415
5404,162.9530
5405,168.4774
5406,164.7602
5407,150.8498
5408,139.5716
5409,169.8744
5410,165.2454
5411,149.4860
5412,151.3045
5413,159.8580
5414,150.3619
5415,156.4642
5416,164.3769
5417,148.6805
5418,144.6383
5419,169.3189
5420,147.1264
5421,147.5197
5422,150.1361
5423,149.3203
5424,161.4058
5425,158.7072
5426,152.8089
5427,155.4472
5428,159.6584
5429,157.7232
5430,161.2448
5431,164.2341
5432,163.3914
5433,151.1552
5434,162.4791
5435,149.4345
5436,151.8771
5437,144.3545
5438,137.2000
5439,153.3078
5440,162.5474
5441,145.1026
5442,159.6564
5443,160.2398
5444,152.3548
5445,154.4328
5446,149.1832
5447,148.9829
5448,163.0700
5449,152.1307
5450,168.9042
5451,167.8953
5452,164.0146
5453,156.0894
5454,146.6992
5455,152.6885
5456,168.5821
5457,152.2540
5458,159.8142
5459,160.8329
5460,172.4235
5461,163.8712
5462,159.8996
5463,154.9716
5464,155.6354
5465,153.2681
5466,149.9113
5467,150.7437
5468,156.9860
5469,164.7126
5470,141.4396
5471,142.7832
5472,144.8283
5473,163.5264
5474,157.6405
5475,148.7989
5476,171.1799
5477,157.1801
5478,142.6193
5479,154.1425
5480,147.4191
5481,154.7246
5482,158.0684
5483,168.7472
5484,159.9430
5485,166.4341
5486,168.4566
5487,147.5852
5488,161.0357
5489,152.5610
5490,147.1962
5491,137.9561
5492,158.6833
5493,149.6214
5494,154.9880
5495,162.6803
5496,157.1477
5497,168.1767
5498,157.6237
5499,169.9917
5500,149.8094
5501,158.6734
5502,154.9095
5503,155.1663
5504,156.5499
5505,160.0130
5506,160.4756
5507,175.0678
5508,164.0528
5509,161.8038
5510,155.8481
5511,153.4428
5512,156.2912
5513,159.9445
5514,144.9399
5515,149.0374
5516,156.0064
5517,157.4987
5518,166.5887
5519,145.9336
5520,158.4185
5521,148.1345
5522,161.9252
5523,143.4482
5524,152.1193
5525,142.4566
5526,156.0252
5527,149.9441
5528,148.0544
5529,166.4289
5530,156.9109
5531,170.1654
5532,173.5922
5533,168.3131
5534,155.4087
5535,151.2015
5536,162.7781
5537,149.7081
5538,162.5594
5539,170.3910
5540,149.6310
5541,171.5890
5542,162.4362
5543,159.8303
5544,161.3177
5545,166.6327
5546,151.1353
5547,154.0424
5548,170.3521
5549,172.8935
5550,154.3826
5551,162.0344
5552,159.2796
5553,149.6737
5554,153.2829
5555,148.0593
5556,155.9163
5557,145.0003
5558,152.6012
5559,148.0992
5560,165.9556
5561,160.5810
5562,149.5397
5563,152.7383
5564,151.9297
5565,157.8216
5566,155.4857
5567,168.9048
5568,157.0740
5569,163.7481
5570,163.1744
5571,158.1995
5572,156.0824
5573,167.1250
5574,162.2138
5575,150.1759
5576,166.8043
5577,159.1726
5578,165.2402
5579,150.0006
5580,137.6426
5581,170.5411
5582,148.2926
5583,161.4214
5584,150.5757
5585,168.8606
5586,142.2465
5587,160.8688
5588,157.9896
5589,160.0551
5590,174.9119
5591,140.7266
5592,147.9732
5593,152.2030
5594,156.2926
5595,145.0776
5596,162.9308
5597,157.1185
5598,175.5945
5599,156.1895
5600,163.1059
5601,162.3634
5602,143.7525
5603,162.8385
5604,161.5670
5605,149.0170
5606,157.4200
5607,155.6580
5608,152.8805
5609,149.2917
5610,157.1992
5611,151.1507
5612,156.9323
5613,154.6587
5614,177.1873
5615,166.1920
5616,153.0355
5617,149.0471
5618,160.4522
5619,161.8047
5620,157.9792
5621,156.4360
5622,163.4611
5623,145.3018
5624,169.0742
5625,150.0961
5626,167.1436
5627,153.6390
5628,159.9802
5629,151.1750
5630,168.1255
5631,154.2202
5632,169.1833
5633,153.5367
5634,158.0552
5635,148.1457
5636,158.2565
5637,157.2475
5638,148.4547
5639,167.8733
5640,151.5244
5641,141.6780
5642,146.2521
5643,160.8370
5644,148.4969
5645,162.0270
5646,161.6205
5647,159.5748
5648,170.6626
5649,161.5382
5650,156.4899
5651,155.7972
5652,151.0753
5653,152.1127
5654,153.1569
5655,164.5134
5656,159.0129
5657,134.4409
5658,159.1602
5659,166.0076
5660,145.0647
5661,148.9317
5662,153.0494
5663,151.9127
5664,158.1629
5665,153.2875
5666,171.3547
5667,156.2068
5668,158.5262
5669,165.9075
5670,151.8624
5671,159.7329
5672,162.1131
5673,165.1091
5674,156.7269
5675,150.8050
5676,177.7372
5677,146.7986
5678,155.3165
5679,169.5726
5680,159.1148
5681,153.9292
5682,152.1408
5683,171.9601
5684,159.6810
5685,142.1678
5686,138.2203
5687,139.9986
5688,141.1169
5689,165.2581
5690,152.9952
5691,152.0778
5692,165.4804
5693,167.6228
5694,162.1595
5695,144.3002
5696,147.7092
5697,162.1657
5698,158.8647
5699,152.3197
5700,143.0083
5701,157.1113
5702,159.9179
5703,165.3033
5704,144.6968
5705,148.8101
5706,155.8354
5707,143.3455
5708,148.5114
5709,165.7668
5710,170.3572
5711,165.2974
5712,149.2220
5713,170.8462
5714,161.8934
5715,154.8320
5716,148.2321
5717,168.1563
5718,155.0775
5719,155.9985
5720,161.4065
5721,146.9702
5722,142.0691
5723,152.4307
5724,160.8691
5725,159.7260
5726,150.3545
5727,136.2859
5728,143.5843
5729,167.5572
5730,161.5578
5731,160.8630
5732,147.6931
5733,153.2280
5734,170.3375
5735,163.3203
5736,162.7578
5737,173.2271
5738,175.4555
5739,145.3893
5740,154.1502
5741,145.4413
5742,157.9430
5743,161.5437
5744,154.5929
5745,145.7798
5746,158.1419
5747,171.9967
5748,158.0325
5749,166.8970
5750,175.7273
5751,158.7981
5752,142.0233
5753,147.5454
5754,161.1093
5755,156.7042
5756,170.7964
5757,157.5122
5758,148.9438
5759,148.2412
5760,161.1167
5761,162.3855
5762,156.4564
5763,142.8715
5764,158.8925
5765,145.4015
5766,167.9523
5767,155.7786
5768,158.4864
5769,152.9974
5770,156.0306
5771,160.2655
5772,167.4787
5773,165.5629
5774,163.5122
5775,167.0115
5776,144.2443
5777,158.1163
5778,154.3201
5779,153.4992
5780,150.9274
5781,147.3579
5782,153.0432
5783,145.4636
5784,170.3972
5785,158.6329
5786,153.8085
5787,167.6036
5788,146.0123
5789,159.5909
5790,156.5021
5791,165.5845
5792,173.2931
5793,170.8403
5794,160.6601
5795,155.2206
5796,159.5764
5797,146.2520
5798,154.6761
5799,155.4584
5800,171.0567
5801,169.9354
5802,154.2303
5803,158.9743
5804,149.0752
5805,151.7959
5806,154.8125
5807,163.7445
5808,161.0905
5809,155.5919
5810,167.3578
5811,159.7321
5812,148.7725
5813,145.1313
5814,168.7809
5815,140.7230
5816,162.6767
5817,159.2084
5818,160.5653
5819,159.6968
5820,166.8060
5821,151.1488
5822,151.3392
5823,157.7444
5824,145.1947
5825,140.7071
5826,148.0221
5827,157.8100
5828,151.7515
5829,160.1694
5830,160.9862
5831,151.5324
5832,150.0096
5833,147.3779
5834,162.8830
5835,155.3789
5836,150.3984
5837,156.4841
5838,164.9340
5839,159.0901
5840,152.9842
5841,141.1186
5842,162.8970
5843,153.9313
5844,163.5722
5845,150.9560
5846,147.5542
5847,149.2345
5848,149.8606
5849,168.6509
5850,144.9273
5851,168.9795
5852,151.3255
5853,162.8598
5854,162.0349
5855,156.8264
5856,154.1014
5857,165.3249
5858,152.3826
5859,166.7171
5860,154.0214
5861,159.2367
5862,144.9830
5863,135.6854
5864,147.2828
5865,147.3728
5866,157.2925
5867,148.3669
5868,160.2996
5869,167.8877
5870,169.3712
5871,161.0471
5872,152.1453
5873,147.2501
5874,151.4043
5875,144.7810
5876,163.5771
5877,156.0047
5878,153.3337
5879,159.7099
5880,145.1327
5881,151.4711
5882,155.7180
5883,173.1874
5884,163.6043
5885,154.7621
5886,169.0392
5887,146.0308
5888,166.4051
5889,145.1581
5890,155.7404
5891,156.9521
5892,153.0006
5893,152.3711
5894,142.4844
5895,168.2675
5896,150.2630
5897,153.5569
5898,155.2879
5899,159.8216
5900,164.5393
5901,154.3003
5902,156.0481
5903,144.9977
5904,146.4354
5905,168.4360
5906,165.2293
5907,146.0615
5908,155.7373
5909,147.7907
5910,151.8923
5911,151.7511
5912,154.0992
5913,147.3493
5914,160.8040
5915,163.7044
5916,159.5270
5917,155.6544
5918,178.0579
5919,155.2857
5920,146.2684
5921,142.7249
5922,149.2519
5923,154.4693
5924,158.6686
5925,157.1276
5926,143.9747
5927,169.2062
5928,153.6583
5929,149.0771
5930,156.7588
5931,158.3196
5932,153.8812
5933,160.4080
5934,163.6552
5935,171.2737
5936,156.7367
5937,146.5087
5938,151.4451
5939,157.9560
5940,162.4037
5941,171.2629
5942,167.0115
